case_id,feature_id,method,cam_trial_id,toolpath_generated,tool_interference,holder_collision,overcut_exceed_0_02mm,invalid_cam_generation,remaining_stock_exceed_0_05mm,max_overcut_mm,remaining_stock_mm,minimum_clearance_mm,cam_pass,failure_reason,nx_version,validation_rule
F00_C01,F00,Vanilla MLLM,F00_C01_Vanilla_MLLM,TRUE,FALSE,FALSE,FALSE,FALSE,FALSE,0.0013,0.0378,0.2924,TRUE,None,Siemens NX 12.0.0.27,"pass only if toolpath generated, no tool/holder collision, overcut<0.02, stock<0.05, clearance>0.20"
F00_C02,F00,Vanilla MLLM,F00_C02_Vanilla_MLLM,TRUE,TRUE,TRUE,FALSE,FALSE,FALSE,0.017,0.0154,0,FALSE,Tool-workpiece interference,Siemens NX 12.0.0.27,"pass only if toolpath generated, no tool/holder collision, overcut<0.02, stock<0.05, clearance>0.20"
F00_C03,F00,Vanilla MLLM,F00_C03_Vanilla_MLLM,TRUE,TRUE,FALSE,FALSE,FALSE,FALSE,0.0095,0.0261,0,FALSE,Tool-workpiece interference,Siemens NX 12.0.0.27,"pass only if toolpath generated, no tool/holder collision, overcut<0.02, stock<0.05, clearance>0.20"
F00_C04,F00,Vanilla MLLM,F00_C04_Vanilla_MLLM,TRUE,TRUE,TRUE,FALSE,FALSE,FALSE,0.0065,0.0246,0,FALSE,Tool-workpiece interference,Siemens NX 12.0.0.27,"pass only if toolpath generated, no tool/holder collision, overcut<0.02, stock<0.05, clearance>0.20"
F00_C05,F00,Vanilla MLLM,F00_C05_Vanilla_MLLM,TRUE,FALSE,FALSE,FALSE,FALSE,FALSE,0.0105,0.0435,0.2829,TRUE,None,Siemens NX 12.0.0.27,"pass only if toolpath generated, no tool/holder collision, overcut<0.02, stock<0.05, clearance>0.20"
F01_C01,F01,Vanilla MLLM,F01_C01_Vanilla_MLLM,TRUE,FALSE,FALSE,FALSE,FALSE,FALSE,0.0027,0.0097,0.263,TRUE,None,Siemens NX 12.0.0.27,"pass only if toolpath generated, no tool/holder collision, overcut<0.02, stock<0.05, clearance>0.20"
F01_C02,F01,Vanilla MLLM,F01_C02_Vanilla_MLLM,TRUE,TRUE,TRUE,TRUE,FALSE,FALSE,0.0455,0.0386,0.007,FALSE,Tool-workpiece interference,Siemens NX 12.0.0.27,"pass only if toolpath generated, no tool/holder collision, overcut<0.02, stock<0.05, clearance>0.20"
F01_C03,F01,Vanilla MLLM,F01_C03_Vanilla_MLLM,FALSE,FALSE,TRUE,TRUE,TRUE,FALSE,0.0304,0.0276,0.006,FALSE,Invalid CAM generation,Siemens NX 12.0.0.27,"pass only if toolpath generated, no tool/holder collision, overcut<0.02, stock<0.05, clearance>0.20"
F01_C04,F01,Vanilla MLLM,F01_C04_Vanilla_MLLM,TRUE,TRUE,TRUE,FALSE,FALSE,FALSE,0.0066,0.0091,0.0398,FALSE,Tool-workpiece interference,Siemens NX 12.0.0.27,"pass only if toolpath generated, no tool/holder collision, overcut<0.02, stock<0.05, clearance>0.20"
F01_C05,F01,Vanilla MLLM,F01_C05_Vanilla_MLLM,TRUE,FALSE,FALSE,FALSE,FALSE,FALSE,0.0177,0.0097,0.2691,TRUE,None,Siemens NX 12.0.0.27,"pass only if toolpath generated, no tool/holder collision, overcut<0.02, stock<0.05, clearance>0.20"
F02_C01,F02,Vanilla MLLM,F02_C01_Vanilla_MLLM,TRUE,FALSE,FALSE,FALSE,FALSE,TRUE,0.0038,0.1021,0.0162,FALSE,Remaining stock exceeds 0.05 mm,Siemens NX 12.0.0.27,"pass only if toolpath generated, no tool/holder collision, overcut<0.02, stock<0.05, clearance>0.20"
F02_C02,F02,Vanilla MLLM,F02_C02_Vanilla_MLLM,TRUE,TRUE,FALSE,FALSE,FALSE,FALSE,0.0139,0.0147,0,FALSE,Tool-workpiece interference,Siemens NX 12.0.0.27,"pass only if toolpath generated, no tool/holder collision, overcut<0.02, stock<0.05, clearance>0.20"
F02_C03,F02,Vanilla MLLM,F02_C03_Vanilla_MLLM,TRUE,FALSE,FALSE,TRUE,FALSE,FALSE,0.0301,0.0192,0.0248,FALSE,Overcut exceeds 0.02 mm,Siemens NX 12.0.0.27,"pass only if toolpath generated, no tool/holder collision, overcut<0.02, stock<0.05, clearance>0.20"
F02_C04,F02,Vanilla MLLM,F02_C04_Vanilla_MLLM,TRUE,TRUE,FALSE,TRUE,FALSE,FALSE,0.0642,0.0161,0.0361,FALSE,Tool-workpiece interference,Siemens NX 12.0.0.27,"pass only if toolpath generated, no tool/holder collision, overcut<0.02, stock<0.05, clearance>0.20"
F02_C05,F02,Vanilla MLLM,F02_C05_Vanilla_MLLM,TRUE,FALSE,FALSE,FALSE,FALSE,FALSE,0.0128,0.0029,0.2853,TRUE,None,Siemens NX 12.0.0.27,"pass only if toolpath generated, no tool/holder collision, overcut<0.02, stock<0.05, clearance>0.20"
F03_C01,F03,Vanilla MLLM,F03_C01_Vanilla_MLLM,FALSE,FALSE,TRUE,FALSE,TRUE,FALSE,0.0077,0.0081,0.0179,FALSE,Invalid CAM generation,Siemens NX 12.0.0.27,"pass only if toolpath generated, no tool/holder collision, overcut<0.02, stock<0.05, clearance>0.20"
F03_C02,F03,Vanilla MLLM,F03_C02_Vanilla_MLLM,FALSE,FALSE,TRUE,TRUE,TRUE,FALSE,0.0277,0.0084,0.0074,FALSE,Invalid CAM generation,Siemens NX 12.0.0.27,"pass only if toolpath generated, no tool/holder collision, overcut<0.02, stock<0.05, clearance>0.20"
F03_C03,F03,Vanilla MLLM,F03_C03_Vanilla_MLLM,TRUE,FALSE,FALSE,FALSE,FALSE,FALSE,0.0089,0.012,0.205,TRUE,None,Siemens NX 12.0.0.27,"pass only if toolpath generated, no tool/holder collision, overcut<0.02, stock<0.05, clearance>0.20"
F03_C04,F03,Vanilla MLLM,F03_C04_Vanilla_MLLM,FALSE,FALSE,FALSE,FALSE,TRUE,FALSE,0.0018,0.0393,0,FALSE,Invalid CAM generation,Siemens NX 12.0.0.27,"pass only if toolpath generated, no tool/holder collision, overcut<0.02, stock<0.05, clearance>0.20"
F03_C05,F03,Vanilla MLLM,F03_C05_Vanilla_MLLM,TRUE,FALSE,FALSE,FALSE,FALSE,TRUE,0.0003,0.1116,0.0514,FALSE,Remaining stock exceeds 0.05 mm,Siemens NX 12.0.0.27,"pass only if toolpath generated, no tool/holder collision, overcut<0.02, stock<0.05, clearance>0.20"
F04_C01,F04,Vanilla MLLM,F04_C01_Vanilla_MLLM,FALSE,TRUE,FALSE,FALSE,TRUE,FALSE,0.0173,0.0018,0,FALSE,Invalid CAM generation,Siemens NX 12.0.0.27,"pass only if toolpath generated, no tool/holder collision, overcut<0.02, stock<0.05, clearance>0.20"
F04_C02,F04,Vanilla MLLM,F04_C02_Vanilla_MLLM,TRUE,FALSE,FALSE,FALSE,FALSE,FALSE,0.0132,0.0399,0.2627,TRUE,None,Siemens NX 12.0.0.27,"pass only if toolpath generated, no tool/holder collision, overcut<0.02, stock<0.05, clearance>0.20"
F04_C03,F04,Vanilla MLLM,F04_C03_Vanilla_MLLM,TRUE,FALSE,FALSE,FALSE,FALSE,FALSE,0.0139,0.0363,0.2303,TRUE,None,Siemens NX 12.0.0.27,"pass only if toolpath generated, no tool/holder collision, overcut<0.02, stock<0.05, clearance>0.20"
F04_C04,F04,Vanilla MLLM,F04_C04_Vanilla_MLLM,TRUE,TRUE,TRUE,FALSE,FALSE,FALSE,0.0123,0.0092,0.015,FALSE,Tool-workpiece interference,Siemens NX 12.0.0.27,"pass only if toolpath generated, no tool/holder collision, overcut<0.02, stock<0.05, clearance>0.20"
F04_C05,F04,Vanilla MLLM,F04_C05_Vanilla_MLLM,FALSE,TRUE,FALSE,FALSE,TRUE,FALSE,0.0143,0.0056,0.0077,FALSE,Invalid CAM generation,Siemens NX 12.0.0.27,"pass only if toolpath generated, no tool/holder collision, overcut<0.02, stock<0.05, clearance>0.20"
F05_C01,F05,Vanilla MLLM,F05_C01_Vanilla_MLLM,TRUE,FALSE,FALSE,FALSE,FALSE,FALSE,0.0154,0.0193,0.2294,TRUE,None,Siemens NX 12.0.0.27,"pass only if toolpath generated, no tool/holder collision, overcut<0.02, stock<0.05, clearance>0.20"
F05_C02,F05,Vanilla MLLM,F05_C02_Vanilla_MLLM,TRUE,FALSE,FALSE,FALSE,FALSE,FALSE,0.0061,0.0401,0.2384,TRUE,None,Siemens NX 12.0.0.27,"pass only if toolpath generated, no tool/holder collision, overcut<0.02, stock<0.05, clearance>0.20"
F05_C03,F05,Vanilla MLLM,F05_C03_Vanilla_MLLM,TRUE,FALSE,FALSE,FALSE,FALSE,FALSE,0.008,0.0388,0.2084,TRUE,None,Siemens NX 12.0.0.27,"pass only if toolpath generated, no tool/holder collision, overcut<0.02, stock<0.05, clearance>0.20"
F05_C04,F05,Vanilla MLLM,F05_C04_Vanilla_MLLM,TRUE,FALSE,FALSE,FALSE,FALSE,FALSE,0.0004,0.0394,0.2177,TRUE,None,Siemens NX 12.0.0.27,"pass only if toolpath generated, no tool/holder collision, overcut<0.02, stock<0.05, clearance>0.20"
F05_C05,F05,Vanilla MLLM,F05_C05_Vanilla_MLLM,TRUE,FALSE,FALSE,FALSE,FALSE,FALSE,0.0028,0.0131,0.2306,TRUE,None,Siemens NX 12.0.0.27,"pass only if toolpath generated, no tool/holder collision, overcut<0.02, stock<0.05, clearance>0.20"
F06_C01,F06,Vanilla MLLM,F06_C01_Vanilla_MLLM,FALSE,FALSE,FALSE,FALSE,TRUE,FALSE,0.0023,0.0016,0.0109,FALSE,Invalid CAM generation,Siemens NX 12.0.0.27,"pass only if toolpath generated, no tool/holder collision, overcut<0.02, stock<0.05, clearance>0.20"
F06_C02,F06,Vanilla MLLM,F06_C02_Vanilla_MLLM,TRUE,FALSE,FALSE,FALSE,FALSE,FALSE,0.0155,0.0279,0.2458,TRUE,None,Siemens NX 12.0.0.27,"pass only if toolpath generated, no tool/holder collision, overcut<0.02, stock<0.05, clearance>0.20"
F06_C03,F06,Vanilla MLLM,F06_C03_Vanilla_MLLM,FALSE,FALSE,FALSE,FALSE,TRUE,FALSE,0.0044,0.0306,0.0145,FALSE,Invalid CAM generation,Siemens NX 12.0.0.27,"pass only if toolpath generated, no tool/holder collision, overcut<0.02, stock<0.05, clearance>0.20"
F06_C04,F06,Vanilla MLLM,F06_C04_Vanilla_MLLM,TRUE,TRUE,FALSE,FALSE,FALSE,FALSE,0.0145,0.0091,0.0309,FALSE,Tool-workpiece interference,Siemens NX 12.0.0.27,"pass only if toolpath generated, no tool/holder collision, overcut<0.02, stock<0.05, clearance>0.20"
F06_C05,F06,Vanilla MLLM,F06_C05_Vanilla_MLLM,TRUE,FALSE,FALSE,FALSE,FALSE,FALSE,0.0019,0.0174,0.2736,TRUE,None,Siemens NX 12.0.0.27,"pass only if toolpath generated, no tool/holder collision, overcut<0.02, stock<0.05, clearance>0.20"
F07_C01,F07,Vanilla MLLM,F07_C01_Vanilla_MLLM,FALSE,FALSE,TRUE,FALSE,TRUE,FALSE,0.013,0.0096,0,FALSE,Invalid CAM generation,Siemens NX 12.0.0.27,"pass only if toolpath generated, no tool/holder collision, overcut<0.02, stock<0.05, clearance>0.20"
F07_C02,F07,Vanilla MLLM,F07_C02_Vanilla_MLLM,TRUE,FALSE,FALSE,FALSE,FALSE,FALSE,0.0146,0.0037,0.205,TRUE,None,Siemens NX 12.0.0.27,"pass only if toolpath generated, no tool/holder collision, overcut<0.02, stock<0.05, clearance>0.20"
F07_C03,F07,Vanilla MLLM,F07_C03_Vanilla_MLLM,TRUE,FALSE,FALSE,FALSE,FALSE,FALSE,0.0004,0.003,0.205,TRUE,None,Siemens NX 12.0.0.27,"pass only if toolpath generated, no tool/holder collision, overcut<0.02, stock<0.05, clearance>0.20"
F07_C04,F07,Vanilla MLLM,F07_C04_Vanilla_MLLM,TRUE,TRUE,TRUE,FALSE,FALSE,FALSE,0.0085,0.0412,0.0309,FALSE,Tool-workpiece interference,Siemens NX 12.0.0.27,"pass only if toolpath generated, no tool/holder collision, overcut<0.02, stock<0.05, clearance>0.20"
F07_C05,F07,Vanilla MLLM,F07_C05_Vanilla_MLLM,TRUE,FALSE,FALSE,FALSE,FALSE,FALSE,0.0016,0.0132,0.2564,TRUE,None,Siemens NX 12.0.0.27,"pass only if toolpath generated, no tool/holder collision, overcut<0.02, stock<0.05, clearance>0.20"
F08_C01,F08,Vanilla MLLM,F08_C01_Vanilla_MLLM,TRUE,FALSE,FALSE,FALSE,FALSE,FALSE,0.0052,0.0207,0.236,TRUE,None,Siemens NX 12.0.0.27,"pass only if toolpath generated, no tool/holder collision, overcut<0.02, stock<0.05, clearance>0.20"
F08_C02,F08,Vanilla MLLM,F08_C02_Vanilla_MLLM,FALSE,FALSE,FALSE,FALSE,TRUE,FALSE,0.0164,0.0445,0.0429,FALSE,Invalid CAM generation,Siemens NX 12.0.0.27,"pass only if toolpath generated, no tool/holder collision, overcut<0.02, stock<0.05, clearance>0.20"
F08_C03,F08,Vanilla MLLM,F08_C03_Vanilla_MLLM,TRUE,FALSE,FALSE,FALSE,FALSE,FALSE,0.009,0.0368,0.2692,TRUE,None,Siemens NX 12.0.0.27,"pass only if toolpath generated, no tool/holder collision, overcut<0.02, stock<0.05, clearance>0.20"
F08_C04,F08,Vanilla MLLM,F08_C04_Vanilla_MLLM,TRUE,FALSE,TRUE,FALSE,FALSE,FALSE,0.0039,0.0155,0.01,FALSE,Holder collision,Siemens NX 12.0.0.27,"pass only if toolpath generated, no tool/holder collision, overcut<0.02, stock<0.05, clearance>0.20"
F08_C05,F08,Vanilla MLLM,F08_C05_Vanilla_MLLM,TRUE,FALSE,FALSE,FALSE,FALSE,FALSE,0.0014,0.0355,0.2815,TRUE,None,Siemens NX 12.0.0.27,"pass only if toolpath generated, no tool/holder collision, overcut<0.02, stock<0.05, clearance>0.20"
F09_C01,F09,Vanilla MLLM,F09_C01_Vanilla_MLLM,TRUE,FALSE,FALSE,TRUE,FALSE,FALSE,0.034,0.0204,0.0155,FALSE,Overcut exceeds 0.02 mm,Siemens NX 12.0.0.27,"pass only if toolpath generated, no tool/holder collision, overcut<0.02, stock<0.05, clearance>0.20"
F09_C02,F09,Vanilla MLLM,F09_C02_Vanilla_MLLM,TRUE,FALSE,FALSE,FALSE,FALSE,FALSE,0.0005,0.044,0.2478,TRUE,None,Siemens NX 12.0.0.27,"pass only if toolpath generated, no tool/holder collision, overcut<0.02, stock<0.05, clearance>0.20"
F09_C03,F09,Vanilla MLLM,F09_C03_Vanilla_MLLM,TRUE,FALSE,FALSE,FALSE,FALSE,TRUE,0.0016,0.112,0,FALSE,Remaining stock exceeds 0.05 mm,Siemens NX 12.0.0.27,"pass only if toolpath generated, no tool/holder collision, overcut<0.02, stock<0.05, clearance>0.20"
F09_C04,F09,Vanilla MLLM,F09_C04_Vanilla_MLLM,TRUE,FALSE,FALSE,FALSE,FALSE,FALSE,0.0006,0.0361,0.2195,TRUE,None,Siemens NX 12.0.0.27,"pass only if toolpath generated, no tool/holder collision, overcut<0.02, stock<0.05, clearance>0.20"
F09_C05,F09,Vanilla MLLM,F09_C05_Vanilla_MLLM,TRUE,FALSE,FALSE,TRUE,FALSE,FALSE,0.0367,0.0276,0,FALSE,Overcut exceeds 0.02 mm,Siemens NX 12.0.0.27,"pass only if toolpath generated, no tool/holder collision, overcut<0.02, stock<0.05, clearance>0.20"
F10_C01,F10,Vanilla MLLM,F10_C01_Vanilla_MLLM,TRUE,FALSE,FALSE,FALSE,FALSE,FALSE,0.0012,0.0329,0.2242,TRUE,None,Siemens NX 12.0.0.27,"pass only if toolpath generated, no tool/holder collision, overcut<0.02, stock<0.05, clearance>0.20"
F10_C02,F10,Vanilla MLLM,F10_C02_Vanilla_MLLM,TRUE,FALSE,TRUE,FALSE,FALSE,FALSE,0.0008,0.0143,0.0454,FALSE,Holder collision,Siemens NX 12.0.0.27,"pass only if toolpath generated, no tool/holder collision, overcut<0.02, stock<0.05, clearance>0.20"
F10_C03,F10,Vanilla MLLM,F10_C03_Vanilla_MLLM,TRUE,TRUE,FALSE,TRUE,FALSE,FALSE,0.0434,0.0044,0.0157,FALSE,Tool-workpiece interference,Siemens NX 12.0.0.27,"pass only if toolpath generated, no tool/holder collision, overcut<0.02, stock<0.05, clearance>0.20"
F10_C04,F10,Vanilla MLLM,F10_C04_Vanilla_MLLM,TRUE,FALSE,FALSE,FALSE,FALSE,FALSE,0.0162,0.0128,0.2264,TRUE,None,Siemens NX 12.0.0.27,"pass only if toolpath generated, no tool/holder collision, overcut<0.02, stock<0.05, clearance>0.20"
F10_C05,F10,Vanilla MLLM,F10_C05_Vanilla_MLLM,TRUE,FALSE,FALSE,FALSE,FALSE,FALSE,0.0122,0.0342,0.2433,TRUE,None,Siemens NX 12.0.0.27,"pass only if toolpath generated, no tool/holder collision, overcut<0.02, stock<0.05, clearance>0.20"
F11_C01,F11,Vanilla MLLM,F11_C01_Vanilla_MLLM,TRUE,FALSE,FALSE,FALSE,FALSE,FALSE,0.0048,0.0355,0.2186,TRUE,None,Siemens NX 12.0.0.27,"pass only if toolpath generated, no tool/holder collision, overcut<0.02, stock<0.05, clearance>0.20"
F11_C02,F11,Vanilla MLLM,F11_C02_Vanilla_MLLM,TRUE,FALSE,FALSE,FALSE,FALSE,FALSE,0.0069,0.0216,0.2289,TRUE,None,Siemens NX 12.0.0.27,"pass only if toolpath generated, no tool/holder collision, overcut<0.02, stock<0.05, clearance>0.20"
F11_C03,F11,Vanilla MLLM,F11_C03_Vanilla_MLLM,TRUE,TRUE,FALSE,FALSE,FALSE,FALSE,0.0146,0.0223,0.0294,FALSE,Tool-workpiece interference,Siemens NX 12.0.0.27,"pass only if toolpath generated, no tool/holder collision, overcut<0.02, stock<0.05, clearance>0.20"
F11_C04,F11,Vanilla MLLM,F11_C04_Vanilla_MLLM,TRUE,FALSE,FALSE,FALSE,FALSE,FALSE,0.0109,0.0069,0.2488,TRUE,None,Siemens NX 12.0.0.27,"pass only if toolpath generated, no tool/holder collision, overcut<0.02, stock<0.05, clearance>0.20"
F11_C05,F11,Vanilla MLLM,F11_C05_Vanilla_MLLM,TRUE,FALSE,TRUE,FALSE,FALSE,FALSE,0.0089,0.0098,0,FALSE,Holder collision,Siemens NX 12.0.0.27,"pass only if toolpath generated, no tool/holder collision, overcut<0.02, stock<0.05, clearance>0.20"
F12_C01,F12,Vanilla MLLM,F12_C01_Vanilla_MLLM,TRUE,FALSE,FALSE,FALSE,FALSE,FALSE,0.0072,0.0276,0.2773,TRUE,None,Siemens NX 12.0.0.27,"pass only if toolpath generated, no tool/holder collision, overcut<0.02, stock<0.05, clearance>0.20"
F12_C02,F12,Vanilla MLLM,F12_C02_Vanilla_MLLM,TRUE,TRUE,FALSE,FALSE,FALSE,FALSE,0.0023,0.0085,0,FALSE,Tool-workpiece interference,Siemens NX 12.0.0.27,"pass only if toolpath generated, no tool/holder collision, overcut<0.02, stock<0.05, clearance>0.20"
F12_C03,F12,Vanilla MLLM,F12_C03_Vanilla_MLLM,TRUE,FALSE,FALSE,FALSE,FALSE,FALSE,0.0112,0.0328,0.2118,TRUE,None,Siemens NX 12.0.0.27,"pass only if toolpath generated, no tool/holder collision, overcut<0.02, stock<0.05, clearance>0.20"
F12_C04,F12,Vanilla MLLM,F12_C04_Vanilla_MLLM,TRUE,FALSE,TRUE,FALSE,FALSE,FALSE,0.0085,0.0218,0.0043,FALSE,Holder collision,Siemens NX 12.0.0.27,"pass only if toolpath generated, no tool/holder collision, overcut<0.02, stock<0.05, clearance>0.20"
F12_C05,F12,Vanilla MLLM,F12_C05_Vanilla_MLLM,TRUE,FALSE,FALSE,FALSE,FALSE,FALSE,0.0121,0.015,0.205,TRUE,None,Siemens NX 12.0.0.27,"pass only if toolpath generated, no tool/holder collision, overcut<0.02, stock<0.05, clearance>0.20"
F13_C01,F13,Vanilla MLLM,F13_C01_Vanilla_MLLM,TRUE,FALSE,FALSE,FALSE,FALSE,FALSE,0.0173,0.0019,0.205,TRUE,None,Siemens NX 12.0.0.27,"pass only if toolpath generated, no tool/holder collision, overcut<0.02, stock<0.05, clearance>0.20"
F13_C02,F13,Vanilla MLLM,F13_C02_Vanilla_MLLM,TRUE,FALSE,FALSE,FALSE,FALSE,TRUE,0.0169,0.1128,0.0297,FALSE,Remaining stock exceeds 0.05 mm,Siemens NX 12.0.0.27,"pass only if toolpath generated, no tool/holder collision, overcut<0.02, stock<0.05, clearance>0.20"
F13_C03,F13,Vanilla MLLM,F13_C03_Vanilla_MLLM,TRUE,TRUE,FALSE,FALSE,FALSE,FALSE,0.0069,0.0359,0.0295,FALSE,Tool-workpiece interference,Siemens NX 12.0.0.27,"pass only if toolpath generated, no tool/holder collision, overcut<0.02, stock<0.05, clearance>0.20"
F13_C04,F13,Vanilla MLLM,F13_C04_Vanilla_MLLM,TRUE,FALSE,FALSE,FALSE,FALSE,TRUE,0.0158,0.1027,0,FALSE,Remaining stock exceeds 0.05 mm,Siemens NX 12.0.0.27,"pass only if toolpath generated, no tool/holder collision, overcut<0.02, stock<0.05, clearance>0.20"
F13_C05,F13,Vanilla MLLM,F13_C05_Vanilla_MLLM,TRUE,FALSE,FALSE,FALSE,FALSE,FALSE,0.0104,0.0408,0.1681,TRUE,None,Siemens NX 12.0.0.27,"pass only if toolpath generated, no tool/holder collision, overcut<0.02, stock<0.05, clearance>0.20"
F14_C01,F14,Vanilla MLLM,F14_C01_Vanilla_MLLM,FALSE,TRUE,TRUE,FALSE,TRUE,FALSE,0.009,0.0166,0.0262,FALSE,Invalid CAM generation,Siemens NX 12.0.0.27,"pass only if toolpath generated, no tool/holder collision, overcut<0.02, stock<0.05, clearance>0.20"
F14_C02,F14,Vanilla MLLM,F14_C02_Vanilla_MLLM,TRUE,FALSE,FALSE,FALSE,FALSE,FALSE,0.0172,0.0093,0.2183,TRUE,None,Siemens NX 12.0.0.27,"pass only if toolpath generated, no tool/holder collision, overcut<0.02, stock<0.05, clearance>0.20"
F14_C03,F14,Vanilla MLLM,F14_C03_Vanilla_MLLM,TRUE,FALSE,FALSE,FALSE,FALSE,FALSE,0.0016,0.0395,0.222,TRUE,None,Siemens NX 12.0.0.27,"pass only if toolpath generated, no tool/holder collision, overcut<0.02, stock<0.05, clearance>0.20"
F14_C04,F14,Vanilla MLLM,F14_C04_Vanilla_MLLM,TRUE,FALSE,FALSE,FALSE,FALSE,TRUE,0.0097,0.09,0,FALSE,Remaining stock exceeds 0.05 mm,Siemens NX 12.0.0.27,"pass only if toolpath generated, no tool/holder collision, overcut<0.02, stock<0.05, clearance>0.20"
F14_C05,F14,Vanilla MLLM,F14_C05_Vanilla_MLLM,TRUE,FALSE,FALSE,FALSE,FALSE,FALSE,0.007,0.0208,0.2681,TRUE,None,Siemens NX 12.0.0.27,"pass only if toolpath generated, no tool/holder collision, overcut<0.02, stock<0.05, clearance>0.20"
F15_C01,F15,Vanilla MLLM,F15_C01_Vanilla_MLLM,TRUE,FALSE,FALSE,FALSE,FALSE,FALSE,0.0043,0.0087,0.2737,TRUE,None,Siemens NX 12.0.0.27,"pass only if toolpath generated, no tool/holder collision, overcut<0.02, stock<0.05, clearance>0.20"
F15_C02,F15,Vanilla MLLM,F15_C02_Vanilla_MLLM,TRUE,FALSE,FALSE,FALSE,FALSE,FALSE,0.0111,0.0125,0.2171,TRUE,None,Siemens NX 12.0.0.27,"pass only if toolpath generated, no tool/holder collision, overcut<0.02, stock<0.05, clearance>0.20"
F15_C03,F15,Vanilla MLLM,F15_C03_Vanilla_MLLM,TRUE,FALSE,FALSE,FALSE,FALSE,FALSE,0.018,0.0323,0.237,TRUE,None,Siemens NX 12.0.0.27,"pass only if toolpath generated, no tool/holder collision, overcut<0.02, stock<0.05, clearance>0.20"
F15_C04,F15,Vanilla MLLM,F15_C04_Vanilla_MLLM,TRUE,FALSE,FALSE,FALSE,FALSE,FALSE,0.0082,0.0165,0.2297,TRUE,None,Siemens NX 12.0.0.27,"pass only if toolpath generated, no tool/holder collision, overcut<0.02, stock<0.05, clearance>0.20"
F15_C05,F15,Vanilla MLLM,F15_C05_Vanilla_MLLM,TRUE,TRUE,FALSE,FALSE,FALSE,FALSE,0.0118,0.0265,0,FALSE,Tool-workpiece interference,Siemens NX 12.0.0.27,"pass only if toolpath generated, no tool/holder collision, overcut<0.02, stock<0.05, clearance>0.20"
F16_C01,F16,Vanilla MLLM,F16_C01_Vanilla_MLLM,TRUE,FALSE,FALSE,FALSE,FALSE,FALSE,0.0118,0.005,0.2501,TRUE,None,Siemens NX 12.0.0.27,"pass only if toolpath generated, no tool/holder collision, overcut<0.02, stock<0.05, clearance>0.20"
F16_C02,F16,Vanilla MLLM,F16_C02_Vanilla_MLLM,TRUE,FALSE,FALSE,FALSE,FALSE,FALSE,0.011,0.0196,0.2759,TRUE,None,Siemens NX 12.0.0.27,"pass only if toolpath generated, no tool/holder collision, overcut<0.02, stock<0.05, clearance>0.20"
F16_C03,F16,Vanilla MLLM,F16_C03_Vanilla_MLLM,TRUE,TRUE,TRUE,FALSE,FALSE,FALSE,0.0091,0.0385,0,FALSE,Tool-workpiece interference,Siemens NX 12.0.0.27,"pass only if toolpath generated, no tool/holder collision, overcut<0.02, stock<0.05, clearance>0.20"
F16_C04,F16,Vanilla MLLM,F16_C04_Vanilla_MLLM,TRUE,FALSE,FALSE,FALSE,FALSE,FALSE,0.0005,0.0235,0.2412,TRUE,None,Siemens NX 12.0.0.27,"pass only if toolpath generated, no tool/holder collision, overcut<0.02, stock<0.05, clearance>0.20"
F16_C05,F16,Vanilla MLLM,F16_C05_Vanilla_MLLM,TRUE,FALSE,FALSE,FALSE,FALSE,FALSE,0.0065,0.0299,0.205,TRUE,None,Siemens NX 12.0.0.27,"pass only if toolpath generated, no tool/holder collision, overcut<0.02, stock<0.05, clearance>0.20"
F17_C01,F17,Vanilla MLLM,F17_C01_Vanilla_MLLM,TRUE,TRUE,FALSE,FALSE,FALSE,FALSE,0.0154,0.0012,0,FALSE,Tool-workpiece interference,Siemens NX 12.0.0.27,"pass only if toolpath generated, no tool/holder collision, overcut<0.02, stock<0.05, clearance>0.20"
F17_C02,F17,Vanilla MLLM,F17_C02_Vanilla_MLLM,TRUE,TRUE,FALSE,TRUE,FALSE,FALSE,0.0628,0.0039,0.0169,FALSE,Tool-workpiece interference,Siemens NX 12.0.0.27,"pass only if toolpath generated, no tool/holder collision, overcut<0.02, stock<0.05, clearance>0.20"
F17_C03,F17,Vanilla MLLM,F17_C03_Vanilla_MLLM,FALSE,FALSE,FALSE,FALSE,TRUE,FALSE,0.0159,0.0329,0,FALSE,Invalid CAM generation,Siemens NX 12.0.0.27,"pass only if toolpath generated, no tool/holder collision, overcut<0.02, stock<0.05, clearance>0.20"
F17_C04,F17,Vanilla MLLM,F17_C04_Vanilla_MLLM,FALSE,TRUE,FALSE,TRUE,TRUE,FALSE,0.0715,0.0076,0,FALSE,Invalid CAM generation,Siemens NX 12.0.0.27,"pass only if toolpath generated, no tool/holder collision, overcut<0.02, stock<0.05, clearance>0.20"
F17_C05,F17,Vanilla MLLM,F17_C05_Vanilla_MLLM,TRUE,TRUE,FALSE,FALSE,FALSE,FALSE,0.011,0.0409,0.0021,FALSE,Tool-workpiece interference,Siemens NX 12.0.0.27,"pass only if toolpath generated, no tool/holder collision, overcut<0.02, stock<0.05, clearance>0.20"
F18_C01,F18,Vanilla MLLM,F18_C01_Vanilla_MLLM,TRUE,FALSE,FALSE,FALSE,FALSE,FALSE,0.0105,0.0437,0.2724,TRUE,None,Siemens NX 12.0.0.27,"pass only if toolpath generated, no tool/holder collision, overcut<0.02, stock<0.05, clearance>0.20"
F18_C02,F18,Vanilla MLLM,F18_C02_Vanilla_MLLM,TRUE,FALSE,FALSE,FALSE,FALSE,FALSE,0.011,0.0275,0.2251,TRUE,None,Siemens NX 12.0.0.27,"pass only if toolpath generated, no tool/holder collision, overcut<0.02, stock<0.05, clearance>0.20"
F18_C03,F18,Vanilla MLLM,F18_C03_Vanilla_MLLM,FALSE,TRUE,FALSE,TRUE,TRUE,FALSE,0.0624,0.037,0,FALSE,Invalid CAM generation,Siemens NX 12.0.0.27,"pass only if toolpath generated, no tool/holder collision, overcut<0.02, stock<0.05, clearance>0.20"
F18_C04,F18,Vanilla MLLM,F18_C04_Vanilla_MLLM,TRUE,FALSE,FALSE,FALSE,FALSE,FALSE,0.0058,0.0145,0.2404,TRUE,None,Siemens NX 12.0.0.27,"pass only if toolpath generated, no tool/holder collision, overcut<0.02, stock<0.05, clearance>0.20"
F18_C05,F18,Vanilla MLLM,F18_C05_Vanilla_MLLM,TRUE,FALSE,FALSE,FALSE,FALSE,FALSE,0.0151,0.0316,0.2173,TRUE,None,Siemens NX 12.0.0.27,"pass only if toolpath generated, no tool/holder collision, overcut<0.02, stock<0.05, clearance>0.20"
F19_C01,F19,Vanilla MLLM,F19_C01_Vanilla_MLLM,TRUE,FALSE,FALSE,FALSE,FALSE,FALSE,0.0124,0.0324,0.2428,TRUE,None,Siemens NX 12.0.0.27,"pass only if toolpath generated, no tool/holder collision, overcut<0.02, stock<0.05, clearance>0.20"
F19_C02,F19,Vanilla MLLM,F19_C02_Vanilla_MLLM,TRUE,FALSE,TRUE,FALSE,FALSE,FALSE,0.0156,0.0439,0,FALSE,Holder collision,Siemens NX 12.0.0.27,"pass only if toolpath generated, no tool/holder collision, overcut<0.02, stock<0.05, clearance>0.20"
F19_C03,F19,Vanilla MLLM,F19_C03_Vanilla_MLLM,TRUE,FALSE,FALSE,FALSE,FALSE,FALSE,0.0129,0.0326,0.246,TRUE,None,Siemens NX 12.0.0.27,"pass only if toolpath generated, no tool/holder collision, overcut<0.02, stock<0.05, clearance>0.20"
F19_C04,F19,Vanilla MLLM,F19_C04_Vanilla_MLLM,TRUE,FALSE,FALSE,FALSE,FALSE,FALSE,0.0178,0.0258,0.21,TRUE,None,Siemens NX 12.0.0.27,"pass only if toolpath generated, no tool/holder collision, overcut<0.02, stock<0.05, clearance>0.20"
F19_C05,F19,Vanilla MLLM,F19_C05_Vanilla_MLLM,TRUE,FALSE,FALSE,FALSE,FALSE,TRUE,0.0131,0.118,0.0114,FALSE,Remaining stock exceeds 0.05 mm,Siemens NX 12.0.0.27,"pass only if toolpath generated, no tool/holder collision, overcut<0.02, stock<0.05, clearance>0.20"
F00_C01,F00,RAG-based Planner,F00_C01_RAG-based_Planner,TRUE,FALSE,FALSE,FALSE,FALSE,FALSE,0.0147,0.0278,0.3848,TRUE,None,Siemens NX 12.0.0.27,"pass only if toolpath generated, no tool/holder collision, overcut<0.02, stock<0.05, clearance>0.20"
F00_C02,F00,RAG-based Planner,F00_C02_RAG-based_Planner,TRUE,FALSE,FALSE,FALSE,FALSE,FALSE,0.0055,0.0253,0.3831,TRUE,None,Siemens NX 12.0.0.27,"pass only if toolpath generated, no tool/holder collision, overcut<0.02, stock<0.05, clearance>0.20"
F00_C03,F00,RAG-based Planner,F00_C03_RAG-based_Planner,TRUE,FALSE,FALSE,FALSE,FALSE,FALSE,0.0027,0.0022,0.386,TRUE,None,Siemens NX 12.0.0.27,"pass only if toolpath generated, no tool/holder collision, overcut<0.02, stock<0.05, clearance>0.20"
F00_C04,F00,RAG-based Planner,F00_C04_RAG-based_Planner,TRUE,FALSE,FALSE,FALSE,FALSE,FALSE,0.0178,0.0225,0.3971,TRUE,None,Siemens NX 12.0.0.27,"pass only if toolpath generated, no tool/holder collision, overcut<0.02, stock<0.05, clearance>0.20"
F00_C05,F00,RAG-based Planner,F00_C05_RAG-based_Planner,TRUE,FALSE,FALSE,FALSE,FALSE,FALSE,0.0013,0.038,0.3963,TRUE,None,Siemens NX 12.0.0.27,"pass only if toolpath generated, no tool/holder collision, overcut<0.02, stock<0.05, clearance>0.20"
F01_C01,F01,RAG-based Planner,F01_C01_RAG-based_Planner,TRUE,FALSE,FALSE,FALSE,FALSE,FALSE,0.0032,0.0208,0.3703,TRUE,None,Siemens NX 12.0.0.27,"pass only if toolpath generated, no tool/holder collision, overcut<0.02, stock<0.05, clearance>0.20"
F01_C02,F01,RAG-based Planner,F01_C02_RAG-based_Planner,TRUE,FALSE,FALSE,FALSE,FALSE,FALSE,0.0023,0,0.415,TRUE,None,Siemens NX 12.0.0.27,"pass only if toolpath generated, no tool/holder collision, overcut<0.02, stock<0.05, clearance>0.20"
F01_C03,F01,RAG-based Planner,F01_C03_RAG-based_Planner,TRUE,FALSE,FALSE,FALSE,FALSE,FALSE,0.0008,0.0151,0.3993,TRUE,None,Siemens NX 12.0.0.27,"pass only if toolpath generated, no tool/holder collision, overcut<0.02, stock<0.05, clearance>0.20"
F01_C04,F01,RAG-based Planner,F01_C04_RAG-based_Planner,TRUE,FALSE,FALSE,FALSE,FALSE,FALSE,0.0146,0.0087,0.3658,TRUE,None,Siemens NX 12.0.0.27,"pass only if toolpath generated, no tool/holder collision, overcut<0.02, stock<0.05, clearance>0.20"
F01_C05,F01,RAG-based Planner,F01_C05_RAG-based_Planner,TRUE,TRUE,FALSE,FALSE,FALSE,FALSE,0.0133,0.0158,0.0607,FALSE,Tool-workpiece interference,Siemens NX 12.0.0.27,"pass only if toolpath generated, no tool/holder collision, overcut<0.02, stock<0.05, clearance>0.20"
F02_C01,F02,RAG-based Planner,F02_C01_RAG-based_Planner,TRUE,FALSE,FALSE,FALSE,FALSE,FALSE,0.0035,0.0088,0.3901,TRUE,None,Siemens NX 12.0.0.27,"pass only if toolpath generated, no tool/holder collision, overcut<0.02, stock<0.05, clearance>0.20"
F02_C02,F02,RAG-based Planner,F02_C02_RAG-based_Planner,TRUE,FALSE,FALSE,FALSE,FALSE,FALSE,0.0111,0.028,0.3627,TRUE,None,Siemens NX 12.0.0.27,"pass only if toolpath generated, no tool/holder collision, overcut<0.02, stock<0.05, clearance>0.20"
F02_C03,F02,RAG-based Planner,F02_C03_RAG-based_Planner,TRUE,FALSE,FALSE,FALSE,FALSE,FALSE,0.014,0.035,0.3972,TRUE,None,Siemens NX 12.0.0.27,"pass only if toolpath generated, no tool/holder collision, overcut<0.02, stock<0.05, clearance>0.20"
F02_C04,F02,RAG-based Planner,F02_C04_RAG-based_Planner,TRUE,TRUE,FALSE,FALSE,FALSE,FALSE,0.0049,0.0369,0.0667,FALSE,Tool-workpiece interference,Siemens NX 12.0.0.27,"pass only if toolpath generated, no tool/holder collision, overcut<0.02, stock<0.05, clearance>0.20"
F02_C05,F02,RAG-based Planner,F02_C05_RAG-based_Planner,FALSE,FALSE,FALSE,FALSE,TRUE,FALSE,0.0067,0.0112,0.0421,FALSE,Invalid CAM generation,Siemens NX 12.0.0.27,"pass only if toolpath generated, no tool/holder collision, overcut<0.02, stock<0.05, clearance>0.20"
F03_C01,F03,RAG-based Planner,F03_C01_RAG-based_Planner,TRUE,TRUE,FALSE,FALSE,FALSE,FALSE,0.0135,0.0367,0.0497,FALSE,Tool-workpiece interference,Siemens NX 12.0.0.27,"pass only if toolpath generated, no tool/holder collision, overcut<0.02, stock<0.05, clearance>0.20"
F03_C02,F03,RAG-based Planner,F03_C02_RAG-based_Planner,TRUE,FALSE,FALSE,FALSE,FALSE,FALSE,0.0081,0.012,0.395,TRUE,None,Siemens NX 12.0.0.27,"pass only if toolpath generated, no tool/holder collision, overcut<0.02, stock<0.05, clearance>0.20"
F03_C03,F03,RAG-based Planner,F03_C03_RAG-based_Planner,TRUE,FALSE,FALSE,FALSE,FALSE,FALSE,0.0029,0.0014,0.3771,TRUE,None,Siemens NX 12.0.0.27,"pass only if toolpath generated, no tool/holder collision, overcut<0.02, stock<0.05, clearance>0.20"
F03_C04,F03,RAG-based Planner,F03_C04_RAG-based_Planner,TRUE,FALSE,FALSE,FALSE,FALSE,TRUE,0.013,0.0886,0.0354,FALSE,Remaining stock exceeds 0.05 mm,Siemens NX 12.0.0.27,"pass only if toolpath generated, no tool/holder collision, overcut<0.02, stock<0.05, clearance>0.20"
F03_C05,F03,RAG-based Planner,F03_C05_RAG-based_Planner,FALSE,TRUE,FALSE,TRUE,TRUE,FALSE,0.0525,0.0089,0.0435,FALSE,Invalid CAM generation,Siemens NX 12.0.0.27,"pass only if toolpath generated, no tool/holder collision, overcut<0.02, stock<0.05, clearance>0.20"
F04_C01,F04,RAG-based Planner,F04_C01_RAG-based_Planner,TRUE,FALSE,FALSE,FALSE,FALSE,FALSE,0.0058,0.0392,0.4028,TRUE,None,Siemens NX 12.0.0.27,"pass only if toolpath generated, no tool/holder collision, overcut<0.02, stock<0.05, clearance>0.20"
F04_C02,F04,RAG-based Planner,F04_C02_RAG-based_Planner,TRUE,FALSE,FALSE,FALSE,FALSE,FALSE,0.0082,0.0037,0.3941,TRUE,None,Siemens NX 12.0.0.27,"pass only if toolpath generated, no tool/holder collision, overcut<0.02, stock<0.05, clearance>0.20"
F04_C03,F04,RAG-based Planner,F04_C03_RAG-based_Planner,TRUE,FALSE,FALSE,FALSE,FALSE,FALSE,0.0062,0.0324,0.4165,TRUE,None,Siemens NX 12.0.0.27,"pass only if toolpath generated, no tool/holder collision, overcut<0.02, stock<0.05, clearance>0.20"
F04_C04,F04,RAG-based Planner,F04_C04_RAG-based_Planner,TRUE,FALSE,FALSE,FALSE,FALSE,FALSE,0.0081,0.0134,0.3681,TRUE,None,Siemens NX 12.0.0.27,"pass only if toolpath generated, no tool/holder collision, overcut<0.02, stock<0.05, clearance>0.20"
F04_C05,F04,RAG-based Planner,F04_C05_RAG-based_Planner,FALSE,TRUE,TRUE,FALSE,TRUE,FALSE,0.0007,0.0287,0.0487,FALSE,Invalid CAM generation,Siemens NX 12.0.0.27,"pass only if toolpath generated, no tool/holder collision, overcut<0.02, stock<0.05, clearance>0.20"
F05_C01,F05,RAG-based Planner,F05_C01_RAG-based_Planner,TRUE,FALSE,FALSE,FALSE,FALSE,FALSE,0.012,0.0348,0.3666,TRUE,None,Siemens NX 12.0.0.27,"pass only if toolpath generated, no tool/holder collision, overcut<0.02, stock<0.05, clearance>0.20"
F05_C02,F05,RAG-based Planner,F05_C02_RAG-based_Planner,TRUE,FALSE,FALSE,FALSE,FALSE,FALSE,0.0007,0.0433,0.4004,TRUE,None,Siemens NX 12.0.0.27,"pass only if toolpath generated, no tool/holder collision, overcut<0.02, stock<0.05, clearance>0.20"
F05_C03,F05,RAG-based Planner,F05_C03_RAG-based_Planner,TRUE,FALSE,FALSE,FALSE,FALSE,FALSE,0.0118,0.0129,0.3581,TRUE,None,Siemens NX 12.0.0.27,"pass only if toolpath generated, no tool/holder collision, overcut<0.02, stock<0.05, clearance>0.20"
F05_C04,F05,RAG-based Planner,F05_C04_RAG-based_Planner,TRUE,FALSE,FALSE,FALSE,FALSE,FALSE,0.0109,0.0372,0.4149,TRUE,None,Siemens NX 12.0.0.27,"pass only if toolpath generated, no tool/holder collision, overcut<0.02, stock<0.05, clearance>0.20"
F05_C05,F05,RAG-based Planner,F05_C05_RAG-based_Planner,TRUE,FALSE,FALSE,FALSE,FALSE,FALSE,0.0147,0.0348,0.3729,TRUE,None,Siemens NX 12.0.0.27,"pass only if toolpath generated, no tool/holder collision, overcut<0.02, stock<0.05, clearance>0.20"
F06_C01,F06,RAG-based Planner,F06_C01_RAG-based_Planner,TRUE,FALSE,FALSE,FALSE,FALSE,FALSE,0.0058,0.0174,0.3417,TRUE,None,Siemens NX 12.0.0.27,"pass only if toolpath generated, no tool/holder collision, overcut<0.02, stock<0.05, clearance>0.20"
F06_C02,F06,RAG-based Planner,F06_C02_RAG-based_Planner,TRUE,FALSE,FALSE,FALSE,FALSE,FALSE,0.0099,0.0316,0.3902,TRUE,None,Siemens NX 12.0.0.27,"pass only if toolpath generated, no tool/holder collision, overcut<0.02, stock<0.05, clearance>0.20"
F06_C03,F06,RAG-based Planner,F06_C03_RAG-based_Planner,TRUE,FALSE,FALSE,FALSE,FALSE,FALSE,0.0153,0.0161,0.3776,TRUE,None,Siemens NX 12.0.0.27,"pass only if toolpath generated, no tool/holder collision, overcut<0.02, stock<0.05, clearance>0.20"
F06_C04,F06,RAG-based Planner,F06_C04_RAG-based_Planner,TRUE,FALSE,FALSE,FALSE,FALSE,FALSE,0.0064,0.0317,0.3553,TRUE,None,Siemens NX 12.0.0.27,"pass only if toolpath generated, no tool/holder collision, overcut<0.02, stock<0.05, clearance>0.20"
F06_C05,F06,RAG-based Planner,F06_C05_RAG-based_Planner,TRUE,FALSE,FALSE,FALSE,FALSE,FALSE,0.0052,0.008,0.3432,TRUE,None,Siemens NX 12.0.0.27,"pass only if toolpath generated, no tool/holder collision, overcut<0.02, stock<0.05, clearance>0.20"
F07_C01,F07,RAG-based Planner,F07_C01_RAG-based_Planner,TRUE,FALSE,FALSE,FALSE,FALSE,FALSE,0.0094,0.0004,0.3905,TRUE,None,Siemens NX 12.0.0.27,"pass only if toolpath generated, no tool/holder collision, overcut<0.02, stock<0.05, clearance>0.20"
F07_C02,F07,RAG-based Planner,F07_C02_RAG-based_Planner,TRUE,FALSE,FALSE,FALSE,FALSE,FALSE,0.012,0.0326,0.386,TRUE,None,Siemens NX 12.0.0.27,"pass only if toolpath generated, no tool/holder collision, overcut<0.02, stock<0.05, clearance>0.20"
F07_C03,F07,RAG-based Planner,F07_C03_RAG-based_Planner,TRUE,FALSE,FALSE,FALSE,FALSE,FALSE,0.0146,0.0063,0.3851,TRUE,None,Siemens NX 12.0.0.27,"pass only if toolpath generated, no tool/holder collision, overcut<0.02, stock<0.05, clearance>0.20"
F07_C04,F07,RAG-based Planner,F07_C04_RAG-based_Planner,TRUE,FALSE,FALSE,FALSE,FALSE,FALSE,0.0035,0.0095,0.3645,TRUE,None,Siemens NX 12.0.0.27,"pass only if toolpath generated, no tool/holder collision, overcut<0.02, stock<0.05, clearance>0.20"
F07_C05,F07,RAG-based Planner,F07_C05_RAG-based_Planner,TRUE,FALSE,FALSE,FALSE,FALSE,FALSE,0.0147,0.0123,0.3775,TRUE,None,Siemens NX 12.0.0.27,"pass only if toolpath generated, no tool/holder collision, overcut<0.02, stock<0.05, clearance>0.20"
F08_C01,F08,RAG-based Planner,F08_C01_RAG-based_Planner,TRUE,FALSE,FALSE,FALSE,FALSE,FALSE,0.013,0.0043,0.3653,TRUE,None,Siemens NX 12.0.0.27,"pass only if toolpath generated, no tool/holder collision, overcut<0.02, stock<0.05, clearance>0.20"
F08_C02,F08,RAG-based Planner,F08_C02_RAG-based_Planner,FALSE,FALSE,FALSE,FALSE,TRUE,FALSE,0.0097,0.0019,0.0466,FALSE,Invalid CAM generation,Siemens NX 12.0.0.27,"pass only if toolpath generated, no tool/holder collision, overcut<0.02, stock<0.05, clearance>0.20"
F08_C03,F08,RAG-based Planner,F08_C03_RAG-based_Planner,TRUE,FALSE,FALSE,FALSE,FALSE,TRUE,0.0175,0.099,0.0411,FALSE,Remaining stock exceeds 0.05 mm,Siemens NX 12.0.0.27,"pass only if toolpath generated, no tool/holder collision, overcut<0.02, stock<0.05, clearance>0.20"
F08_C04,F08,RAG-based Planner,F08_C04_RAG-based_Planner,TRUE,FALSE,FALSE,FALSE,FALSE,FALSE,0.0148,0.0166,0.3687,TRUE,None,Siemens NX 12.0.0.27,"pass only if toolpath generated, no tool/holder collision, overcut<0.02, stock<0.05, clearance>0.20"
F08_C05,F08,RAG-based Planner,F08_C05_RAG-based_Planner,TRUE,FALSE,FALSE,FALSE,FALSE,FALSE,0.0053,0.0394,0.4006,TRUE,None,Siemens NX 12.0.0.27,"pass only if toolpath generated, no tool/holder collision, overcut<0.02, stock<0.05, clearance>0.20"
F09_C01,F09,RAG-based Planner,F09_C01_RAG-based_Planner,TRUE,FALSE,FALSE,FALSE,FALSE,FALSE,0.0079,0.0124,0.3856,TRUE,None,Siemens NX 12.0.0.27,"pass only if toolpath generated, no tool/holder collision, overcut<0.02, stock<0.05, clearance>0.20"
F09_C02,F09,RAG-based Planner,F09_C02_RAG-based_Planner,TRUE,FALSE,FALSE,FALSE,FALSE,FALSE,0.0028,0.0205,0.3404,TRUE,None,Siemens NX 12.0.0.27,"pass only if toolpath generated, no tool/holder collision, overcut<0.02, stock<0.05, clearance>0.20"
F09_C03,F09,RAG-based Planner,F09_C03_RAG-based_Planner,TRUE,FALSE,TRUE,FALSE,FALSE,FALSE,0.0052,0.024,0.0581,FALSE,Holder collision,Siemens NX 12.0.0.27,"pass only if toolpath generated, no tool/holder collision, overcut<0.02, stock<0.05, clearance>0.20"
F09_C04,F09,RAG-based Planner,F09_C04_RAG-based_Planner,FALSE,TRUE,FALSE,FALSE,TRUE,FALSE,0.0023,0.0234,0.0873,FALSE,Invalid CAM generation,Siemens NX 12.0.0.27,"pass only if toolpath generated, no tool/holder collision, overcut<0.02, stock<0.05, clearance>0.20"
F09_C05,F09,RAG-based Planner,F09_C05_RAG-based_Planner,TRUE,FALSE,TRUE,FALSE,FALSE,FALSE,0.0013,0.0406,0.0901,FALSE,Holder collision,Siemens NX 12.0.0.27,"pass only if toolpath generated, no tool/holder collision, overcut<0.02, stock<0.05, clearance>0.20"
F10_C01,F10,RAG-based Planner,F10_C01_RAG-based_Planner,TRUE,FALSE,FALSE,FALSE,FALSE,FALSE,0.0096,0.0203,0.3877,TRUE,None,Siemens NX 12.0.0.27,"pass only if toolpath generated, no tool/holder collision, overcut<0.02, stock<0.05, clearance>0.20"
F10_C02,F10,RAG-based Planner,F10_C02_RAG-based_Planner,TRUE,FALSE,FALSE,FALSE,FALSE,FALSE,0.0147,0.0219,0.3718,TRUE,None,Siemens NX 12.0.0.27,"pass only if toolpath generated, no tool/holder collision, overcut<0.02, stock<0.05, clearance>0.20"
F10_C03,F10,RAG-based Planner,F10_C03_RAG-based_Planner,TRUE,TRUE,TRUE,TRUE,FALSE,FALSE,0.0549,0.0093,0.0434,FALSE,Tool-workpiece interference,Siemens NX 12.0.0.27,"pass only if toolpath generated, no tool/holder collision, overcut<0.02, stock<0.05, clearance>0.20"
F10_C04,F10,RAG-based Planner,F10_C04_RAG-based_Planner,TRUE,FALSE,FALSE,FALSE,FALSE,FALSE,0.006,0.0038,0.4397,TRUE,None,Siemens NX 12.0.0.27,"pass only if toolpath generated, no tool/holder collision, overcut<0.02, stock<0.05, clearance>0.20"
F10_C05,F10,RAG-based Planner,F10_C05_RAG-based_Planner,TRUE,FALSE,FALSE,FALSE,FALSE,FALSE,0.0041,0.008,0.3545,TRUE,None,Siemens NX 12.0.0.27,"pass only if toolpath generated, no tool/holder collision, overcut<0.02, stock<0.05, clearance>0.20"
F11_C01,F11,RAG-based Planner,F11_C01_RAG-based_Planner,TRUE,FALSE,FALSE,FALSE,FALSE,FALSE,0.0032,0.0446,0.4247,TRUE,None,Siemens NX 12.0.0.27,"pass only if toolpath generated, no tool/holder collision, overcut<0.02, stock<0.05, clearance>0.20"
F11_C02,F11,RAG-based Planner,F11_C02_RAG-based_Planner,TRUE,FALSE,TRUE,TRUE,FALSE,FALSE,0.0668,0.0142,0.0843,FALSE,Holder collision,Siemens NX 12.0.0.27,"pass only if toolpath generated, no tool/holder collision, overcut<0.02, stock<0.05, clearance>0.20"
F11_C03,F11,RAG-based Planner,F11_C03_RAG-based_Planner,TRUE,FALSE,FALSE,FALSE,FALSE,FALSE,0.003,0.0277,0.3781,TRUE,None,Siemens NX 12.0.0.27,"pass only if toolpath generated, no tool/holder collision, overcut<0.02, stock<0.05, clearance>0.20"
F11_C04,F11,RAG-based Planner,F11_C04_RAG-based_Planner,TRUE,FALSE,FALSE,FALSE,FALSE,FALSE,0.0067,0.0158,0.3851,TRUE,None,Siemens NX 12.0.0.27,"pass only if toolpath generated, no tool/holder collision, overcut<0.02, stock<0.05, clearance>0.20"
F11_C05,F11,RAG-based Planner,F11_C05_RAG-based_Planner,TRUE,FALSE,FALSE,FALSE,FALSE,FALSE,0.0149,0.0083,0.3946,TRUE,None,Siemens NX 12.0.0.27,"pass only if toolpath generated, no tool/holder collision, overcut<0.02, stock<0.05, clearance>0.20"
F12_C01,F12,RAG-based Planner,F12_C01_RAG-based_Planner,TRUE,FALSE,FALSE,FALSE,FALSE,TRUE,0.0043,0.065,0.0403,FALSE,Remaining stock exceeds 0.05 mm,Siemens NX 12.0.0.27,"pass only if toolpath generated, no tool/holder collision, overcut<0.02, stock<0.05, clearance>0.20"
F12_C02,F12,RAG-based Planner,F12_C02_RAG-based_Planner,TRUE,FALSE,FALSE,FALSE,FALSE,FALSE,0.018,0.0239,0.3416,TRUE,None,Siemens NX 12.0.0.27,"pass only if toolpath generated, no tool/holder collision, overcut<0.02, stock<0.05, clearance>0.20"
F12_C03,F12,RAG-based Planner,F12_C03_RAG-based_Planner,TRUE,FALSE,FALSE,TRUE,FALSE,FALSE,0.0249,0.0154,0.0779,FALSE,Overcut exceeds 0.02 mm,Siemens NX 12.0.0.27,"pass only if toolpath generated, no tool/holder collision, overcut<0.02, stock<0.05, clearance>0.20"
F12_C04,F12,RAG-based Planner,F12_C04_RAG-based_Planner,TRUE,FALSE,FALSE,FALSE,FALSE,FALSE,0.016,0.0311,0.4022,TRUE,None,Siemens NX 12.0.0.27,"pass only if toolpath generated, no tool/holder collision, overcut<0.02, stock<0.05, clearance>0.20"
F12_C05,F12,RAG-based Planner,F12_C05_RAG-based_Planner,TRUE,FALSE,FALSE,FALSE,FALSE,TRUE,0.0091,0.0956,0.0484,FALSE,Remaining stock exceeds 0.05 mm,Siemens NX 12.0.0.27,"pass only if toolpath generated, no tool/holder collision, overcut<0.02, stock<0.05, clearance>0.20"
F13_C01,F13,RAG-based Planner,F13_C01_RAG-based_Planner,TRUE,FALSE,FALSE,FALSE,FALSE,FALSE,0.0017,0.0092,0.3737,TRUE,None,Siemens NX 12.0.0.27,"pass only if toolpath generated, no tool/holder collision, overcut<0.02, stock<0.05, clearance>0.20"
F13_C02,F13,RAG-based Planner,F13_C02_RAG-based_Planner,TRUE,FALSE,FALSE,FALSE,FALSE,FALSE,0.0002,0.0206,0.3905,TRUE,None,Siemens NX 12.0.0.27,"pass only if toolpath generated, no tool/holder collision, overcut<0.02, stock<0.05, clearance>0.20"
F13_C03,F13,RAG-based Planner,F13_C03_RAG-based_Planner,TRUE,FALSE,FALSE,FALSE,FALSE,FALSE,0.0125,0.0033,0.4224,TRUE,None,Siemens NX 12.0.0.27,"pass only if toolpath generated, no tool/holder collision, overcut<0.02, stock<0.05, clearance>0.20"
F13_C04,F13,RAG-based Planner,F13_C04_RAG-based_Planner,TRUE,FALSE,FALSE,FALSE,FALSE,FALSE,0.0145,0.0157,0.3881,TRUE,None,Siemens NX 12.0.0.27,"pass only if toolpath generated, no tool/holder collision, overcut<0.02, stock<0.05, clearance>0.20"
F13_C05,F13,RAG-based Planner,F13_C05_RAG-based_Planner,TRUE,FALSE,FALSE,FALSE,FALSE,FALSE,0.0179,0.0257,0.411,TRUE,None,Siemens NX 12.0.0.27,"pass only if toolpath generated, no tool/holder collision, overcut<0.02, stock<0.05, clearance>0.20"
F14_C01,F14,RAG-based Planner,F14_C01_RAG-based_Planner,FALSE,FALSE,FALSE,TRUE,TRUE,FALSE,0.0571,0.0237,0.0597,FALSE,Invalid CAM generation,Siemens NX 12.0.0.27,"pass only if toolpath generated, no tool/holder collision, overcut<0.02, stock<0.05, clearance>0.20"
F14_C02,F14,RAG-based Planner,F14_C02_RAG-based_Planner,TRUE,TRUE,FALSE,FALSE,FALSE,FALSE,0.0132,0.0277,0.0563,FALSE,Tool-workpiece interference,Siemens NX 12.0.0.27,"pass only if toolpath generated, no tool/holder collision, overcut<0.02, stock<0.05, clearance>0.20"
F14_C03,F14,RAG-based Planner,F14_C03_RAG-based_Planner,FALSE,TRUE,FALSE,TRUE,TRUE,FALSE,0.0476,0.0388,0.0515,FALSE,Invalid CAM generation,Siemens NX 12.0.0.27,"pass only if toolpath generated, no tool/holder collision, overcut<0.02, stock<0.05, clearance>0.20"
F14_C04,F14,RAG-based Planner,F14_C04_RAG-based_Planner,TRUE,FALSE,FALSE,FALSE,FALSE,FALSE,0.0126,0.0121,0.3639,TRUE,None,Siemens NX 12.0.0.27,"pass only if toolpath generated, no tool/holder collision, overcut<0.02, stock<0.05, clearance>0.20"
F14_C05,F14,RAG-based Planner,F14_C05_RAG-based_Planner,TRUE,TRUE,TRUE,TRUE,FALSE,FALSE,0.0652,0.0016,0.0844,FALSE,Tool-workpiece interference,Siemens NX 12.0.0.27,"pass only if toolpath generated, no tool/holder collision, overcut<0.02, stock<0.05, clearance>0.20"
F15_C01,F15,RAG-based Planner,F15_C01_RAG-based_Planner,FALSE,TRUE,TRUE,TRUE,TRUE,FALSE,0.0233,0.0187,0.0084,FALSE,Invalid CAM generation,Siemens NX 12.0.0.27,"pass only if toolpath generated, no tool/holder collision, overcut<0.02, stock<0.05, clearance>0.20"
F15_C02,F15,RAG-based Planner,F15_C02_RAG-based_Planner,TRUE,FALSE,FALSE,TRUE,FALSE,FALSE,0.0503,0.0406,0.0654,FALSE,Overcut exceeds 0.02 mm,Siemens NX 12.0.0.27,"pass only if toolpath generated, no tool/holder collision, overcut<0.02, stock<0.05, clearance>0.20"
F15_C03,F15,RAG-based Planner,F15_C03_RAG-based_Planner,TRUE,FALSE,FALSE,FALSE,FALSE,FALSE,0.0102,0.0151,0.3641,TRUE,None,Siemens NX 12.0.0.27,"pass only if toolpath generated, no tool/holder collision, overcut<0.02, stock<0.05, clearance>0.20"
F15_C04,F15,RAG-based Planner,F15_C04_RAG-based_Planner,TRUE,FALSE,TRUE,FALSE,FALSE,FALSE,0.0147,0.0273,0.0313,FALSE,Holder collision,Siemens NX 12.0.0.27,"pass only if toolpath generated, no tool/holder collision, overcut<0.02, stock<0.05, clearance>0.20"
F15_C05,F15,RAG-based Planner,F15_C05_RAG-based_Planner,TRUE,TRUE,TRUE,FALSE,FALSE,FALSE,0.0154,0.034,0.04,FALSE,Tool-workpiece interference,Siemens NX 12.0.0.27,"pass only if toolpath generated, no tool/holder collision, overcut<0.02, stock<0.05, clearance>0.20"
F16_C01,F16,RAG-based Planner,F16_C01_RAG-based_Planner,TRUE,FALSE,FALSE,FALSE,FALSE,FALSE,0.0046,0.0178,0.3964,TRUE,None,Siemens NX 12.0.0.27,"pass only if toolpath generated, no tool/holder collision, overcut<0.02, stock<0.05, clearance>0.20"
F16_C02,F16,RAG-based Planner,F16_C02_RAG-based_Planner,TRUE,FALSE,FALSE,FALSE,FALSE,FALSE,0.0074,0.0415,0.3995,TRUE,None,Siemens NX 12.0.0.27,"pass only if toolpath generated, no tool/holder collision, overcut<0.02, stock<0.05, clearance>0.20"
F16_C03,F16,RAG-based Planner,F16_C03_RAG-based_Planner,TRUE,FALSE,FALSE,FALSE,FALSE,FALSE,0.0034,0.0377,0.3759,TRUE,None,Siemens NX 12.0.0.27,"pass only if toolpath generated, no tool/holder collision, overcut<0.02, stock<0.05, clearance>0.20"
F16_C04,F16,RAG-based Planner,F16_C04_RAG-based_Planner,FALSE,FALSE,FALSE,TRUE,TRUE,FALSE,0.0681,0.0403,0.0012,FALSE,Invalid CAM generation,Siemens NX 12.0.0.27,"pass only if toolpath generated, no tool/holder collision, overcut<0.02, stock<0.05, clearance>0.20"
F16_C05,F16,RAG-based Planner,F16_C05_RAG-based_Planner,TRUE,FALSE,FALSE,FALSE,FALSE,FALSE,0.0101,0.0339,0.3925,TRUE,None,Siemens NX 12.0.0.27,"pass only if toolpath generated, no tool/holder collision, overcut<0.02, stock<0.05, clearance>0.20"
F17_C01,F17,RAG-based Planner,F17_C01_RAG-based_Planner,TRUE,FALSE,FALSE,FALSE,FALSE,FALSE,0.0026,0.0013,0.3856,TRUE,None,Siemens NX 12.0.0.27,"pass only if toolpath generated, no tool/holder collision, overcut<0.02, stock<0.05, clearance>0.20"
F17_C02,F17,RAG-based Planner,F17_C02_RAG-based_Planner,TRUE,FALSE,FALSE,FALSE,FALSE,TRUE,0.0051,0.0869,0.032,FALSE,Remaining stock exceeds 0.05 mm,Siemens NX 12.0.0.27,"pass only if toolpath generated, no tool/holder collision, overcut<0.02, stock<0.05, clearance>0.20"
F17_C03,F17,RAG-based Planner,F17_C03_RAG-based_Planner,TRUE,FALSE,FALSE,FALSE,FALSE,FALSE,0.0059,0.0214,0.353,TRUE,None,Siemens NX 12.0.0.27,"pass only if toolpath generated, no tool/holder collision, overcut<0.02, stock<0.05, clearance>0.20"
F17_C04,F17,RAG-based Planner,F17_C04_RAG-based_Planner,TRUE,FALSE,FALSE,FALSE,FALSE,FALSE,0.0031,0.0374,0.4046,TRUE,None,Siemens NX 12.0.0.27,"pass only if toolpath generated, no tool/holder collision, overcut<0.02, stock<0.05, clearance>0.20"
F17_C05,F17,RAG-based Planner,F17_C05_RAG-based_Planner,TRUE,FALSE,FALSE,FALSE,FALSE,FALSE,0.0063,0.0148,0.3899,TRUE,None,Siemens NX 12.0.0.27,"pass only if toolpath generated, no tool/holder collision, overcut<0.02, stock<0.05, clearance>0.20"
F18_C01,F18,RAG-based Planner,F18_C01_RAG-based_Planner,TRUE,FALSE,FALSE,FALSE,FALSE,FALSE,0.0139,0.008,0.3848,TRUE,None,Siemens NX 12.0.0.27,"pass only if toolpath generated, no tool/holder collision, overcut<0.02, stock<0.05, clearance>0.20"
F18_C02,F18,RAG-based Planner,F18_C02_RAG-based_Planner,TRUE,FALSE,FALSE,FALSE,FALSE,FALSE,0.01,0.0431,0.3815,TRUE,None,Siemens NX 12.0.0.27,"pass only if toolpath generated, no tool/holder collision, overcut<0.02, stock<0.05, clearance>0.20"
F18_C03,F18,RAG-based Planner,F18_C03_RAG-based_Planner,TRUE,FALSE,FALSE,FALSE,FALSE,FALSE,0.0155,0.013,0.3568,TRUE,None,Siemens NX 12.0.0.27,"pass only if toolpath generated, no tool/holder collision, overcut<0.02, stock<0.05, clearance>0.20"
F18_C04,F18,RAG-based Planner,F18_C04_RAG-based_Planner,TRUE,FALSE,FALSE,TRUE,FALSE,FALSE,0.0477,0.0009,0.0445,FALSE,Overcut exceeds 0.02 mm,Siemens NX 12.0.0.27,"pass only if toolpath generated, no tool/holder collision, overcut<0.02, stock<0.05, clearance>0.20"
F18_C05,F18,RAG-based Planner,F18_C05_RAG-based_Planner,TRUE,FALSE,FALSE,FALSE,FALSE,FALSE,0.0116,0.0017,0.4139,TRUE,None,Siemens NX 12.0.0.27,"pass only if toolpath generated, no tool/holder collision, overcut<0.02, stock<0.05, clearance>0.20"
F19_C01,F19,RAG-based Planner,F19_C01_RAG-based_Planner,TRUE,FALSE,FALSE,FALSE,FALSE,FALSE,0.0101,0.0006,0.3263,TRUE,None,Siemens NX 12.0.0.27,"pass only if toolpath generated, no tool/holder collision, overcut<0.02, stock<0.05, clearance>0.20"
F19_C02,F19,RAG-based Planner,F19_C02_RAG-based_Planner,TRUE,TRUE,FALSE,FALSE,FALSE,FALSE,0.0156,0.0013,0.0058,FALSE,Tool-workpiece interference,Siemens NX 12.0.0.27,"pass only if toolpath generated, no tool/holder collision, overcut<0.02, stock<0.05, clearance>0.20"
F19_C03,F19,RAG-based Planner,F19_C03_RAG-based_Planner,TRUE,FALSE,FALSE,FALSE,FALSE,FALSE,0.0136,0.0166,0.4454,TRUE,None,Siemens NX 12.0.0.27,"pass only if toolpath generated, no tool/holder collision, overcut<0.02, stock<0.05, clearance>0.20"
F19_C04,F19,RAG-based Planner,F19_C04_RAG-based_Planner,TRUE,FALSE,FALSE,FALSE,FALSE,TRUE,0.0149,0.0644,0.0506,FALSE,Remaining stock exceeds 0.05 mm,Siemens NX 12.0.0.27,"pass only if toolpath generated, no tool/holder collision, overcut<0.02, stock<0.05, clearance>0.20"
F19_C05,F19,RAG-based Planner,F19_C05_RAG-based_Planner,TRUE,FALSE,TRUE,FALSE,FALSE,FALSE,0.0142,0.0037,0.0184,FALSE,Holder collision,Siemens NX 12.0.0.27,"pass only if toolpath generated, no tool/holder collision, overcut<0.02, stock<0.05, clearance>0.20"
F00_C01,F00,Standard ReAct Agent,F00_C01_Standard_ReAct_Agent,TRUE,FALSE,FALSE,FALSE,FALSE,FALSE,0.0004,0.0083,0.4254,TRUE,None,Siemens NX 12.0.0.27,"pass only if toolpath generated, no tool/holder collision, overcut<0.02, stock<0.05, clearance>0.20"
F00_C02,F00,Standard ReAct Agent,F00_C02_Standard_ReAct_Agent,TRUE,FALSE,FALSE,FALSE,FALSE,FALSE,0.0047,0.0414,0.453,TRUE,None,Siemens NX 12.0.0.27,"pass only if toolpath generated, no tool/holder collision, overcut<0.02, stock<0.05, clearance>0.20"
F00_C03,F00,Standard ReAct Agent,F00_C03_Standard_ReAct_Agent,TRUE,FALSE,FALSE,FALSE,FALSE,FALSE,0.0067,0.0176,0.4908,TRUE,None,Siemens NX 12.0.0.27,"pass only if toolpath generated, no tool/holder collision, overcut<0.02, stock<0.05, clearance>0.20"
F00_C04,F00,Standard ReAct Agent,F00_C04_Standard_ReAct_Agent,TRUE,FALSE,FALSE,FALSE,FALSE,FALSE,0.0061,0.0337,0.446,TRUE,None,Siemens NX 12.0.0.27,"pass only if toolpath generated, no tool/holder collision, overcut<0.02, stock<0.05, clearance>0.20"
F00_C05,F00,Standard ReAct Agent,F00_C05_Standard_ReAct_Agent,FALSE,TRUE,FALSE,FALSE,TRUE,FALSE,0.0148,0.0297,0.0387,FALSE,Invalid CAM generation,Siemens NX 12.0.0.27,"pass only if toolpath generated, no tool/holder collision, overcut<0.02, stock<0.05, clearance>0.20"
F01_C01,F01,Standard ReAct Agent,F01_C01_Standard_ReAct_Agent,TRUE,FALSE,FALSE,FALSE,FALSE,FALSE,0.0063,0.0255,0.4907,TRUE,None,Siemens NX 12.0.0.27,"pass only if toolpath generated, no tool/holder collision, overcut<0.02, stock<0.05, clearance>0.20"
F01_C02,F01,Standard ReAct Agent,F01_C02_Standard_ReAct_Agent,FALSE,FALSE,TRUE,FALSE,TRUE,FALSE,0.0031,0.0445,0.0432,FALSE,Invalid CAM generation,Siemens NX 12.0.0.27,"pass only if toolpath generated, no tool/holder collision, overcut<0.02, stock<0.05, clearance>0.20"
F01_C03,F01,Standard ReAct Agent,F01_C03_Standard_ReAct_Agent,TRUE,FALSE,FALSE,FALSE,FALSE,FALSE,0.0161,0.0148,0.4583,TRUE,None,Siemens NX 12.0.0.27,"pass only if toolpath generated, no tool/holder collision, overcut<0.02, stock<0.05, clearance>0.20"
F01_C04,F01,Standard ReAct Agent,F01_C04_Standard_ReAct_Agent,TRUE,FALSE,FALSE,FALSE,FALSE,TRUE,0.0034,0.1123,0.0194,FALSE,Remaining stock exceeds 0.05 mm,Siemens NX 12.0.0.27,"pass only if toolpath generated, no tool/holder collision, overcut<0.02, stock<0.05, clearance>0.20"
F01_C05,F01,Standard ReAct Agent,F01_C05_Standard_ReAct_Agent,TRUE,FALSE,FALSE,FALSE,FALSE,TRUE,0.0103,0.0639,0.0722,FALSE,Remaining stock exceeds 0.05 mm,Siemens NX 12.0.0.27,"pass only if toolpath generated, no tool/holder collision, overcut<0.02, stock<0.05, clearance>0.20"
F02_C01,F02,Standard ReAct Agent,F02_C01_Standard_ReAct_Agent,TRUE,FALSE,TRUE,FALSE,FALSE,FALSE,0.0114,0.0403,0.0432,FALSE,Holder collision,Siemens NX 12.0.0.27,"pass only if toolpath generated, no tool/holder collision, overcut<0.02, stock<0.05, clearance>0.20"
F02_C02,F02,Standard ReAct Agent,F02_C02_Standard_ReAct_Agent,TRUE,FALSE,FALSE,FALSE,FALSE,FALSE,0.0113,0.0003,0.4923,TRUE,None,Siemens NX 12.0.0.27,"pass only if toolpath generated, no tool/holder collision, overcut<0.02, stock<0.05, clearance>0.20"
F02_C03,F02,Standard ReAct Agent,F02_C03_Standard_ReAct_Agent,TRUE,FALSE,FALSE,FALSE,FALSE,FALSE,0.0143,0.0308,0.4637,TRUE,None,Siemens NX 12.0.0.27,"pass only if toolpath generated, no tool/holder collision, overcut<0.02, stock<0.05, clearance>0.20"
F02_C04,F02,Standard ReAct Agent,F02_C04_Standard_ReAct_Agent,TRUE,FALSE,FALSE,TRUE,FALSE,FALSE,0.0302,0.04,0.0754,FALSE,Overcut exceeds 0.02 mm,Siemens NX 12.0.0.27,"pass only if toolpath generated, no tool/holder collision, overcut<0.02, stock<0.05, clearance>0.20"
F02_C05,F02,Standard ReAct Agent,F02_C05_Standard_ReAct_Agent,TRUE,FALSE,FALSE,FALSE,FALSE,FALSE,0.0102,0.0141,0.4898,TRUE,None,Siemens NX 12.0.0.27,"pass only if toolpath generated, no tool/holder collision, overcut<0.02, stock<0.05, clearance>0.20"
F03_C01,F03,Standard ReAct Agent,F03_C01_Standard_ReAct_Agent,TRUE,FALSE,FALSE,FALSE,FALSE,FALSE,0.0175,0.0289,0.4749,TRUE,None,Siemens NX 12.0.0.27,"pass only if toolpath generated, no tool/holder collision, overcut<0.02, stock<0.05, clearance>0.20"
F03_C02,F03,Standard ReAct Agent,F03_C02_Standard_ReAct_Agent,TRUE,FALSE,FALSE,TRUE,FALSE,FALSE,0.0543,0.0318,0.0791,FALSE,Overcut exceeds 0.02 mm,Siemens NX 12.0.0.27,"pass only if toolpath generated, no tool/holder collision, overcut<0.02, stock<0.05, clearance>0.20"
F03_C03,F03,Standard ReAct Agent,F03_C03_Standard_ReAct_Agent,TRUE,FALSE,FALSE,FALSE,FALSE,FALSE,0.0037,0.0259,0.4082,TRUE,None,Siemens NX 12.0.0.27,"pass only if toolpath generated, no tool/holder collision, overcut<0.02, stock<0.05, clearance>0.20"
F03_C04,F03,Standard ReAct Agent,F03_C04_Standard_ReAct_Agent,TRUE,FALSE,FALSE,FALSE,FALSE,FALSE,0.0106,0.0333,0.4902,TRUE,None,Siemens NX 12.0.0.27,"pass only if toolpath generated, no tool/holder collision, overcut<0.02, stock<0.05, clearance>0.20"
F03_C05,F03,Standard ReAct Agent,F03_C05_Standard_ReAct_Agent,TRUE,FALSE,FALSE,FALSE,FALSE,FALSE,0.0104,0.0114,0.4551,TRUE,None,Siemens NX 12.0.0.27,"pass only if toolpath generated, no tool/holder collision, overcut<0.02, stock<0.05, clearance>0.20"
F04_C01,F04,Standard ReAct Agent,F04_C01_Standard_ReAct_Agent,TRUE,FALSE,FALSE,FALSE,FALSE,FALSE,0.0157,0.0076,0.4762,TRUE,None,Siemens NX 12.0.0.27,"pass only if toolpath generated, no tool/holder collision, overcut<0.02, stock<0.05, clearance>0.20"
F04_C02,F04,Standard ReAct Agent,F04_C02_Standard_ReAct_Agent,FALSE,FALSE,FALSE,TRUE,TRUE,FALSE,0.0469,0.0254,0.0484,FALSE,Invalid CAM generation,Siemens NX 12.0.0.27,"pass only if toolpath generated, no tool/holder collision, overcut<0.02, stock<0.05, clearance>0.20"
F04_C03,F04,Standard ReAct Agent,F04_C03_Standard_ReAct_Agent,TRUE,FALSE,FALSE,FALSE,FALSE,FALSE,0.0167,0.0013,0.484,TRUE,None,Siemens NX 12.0.0.27,"pass only if toolpath generated, no tool/holder collision, overcut<0.02, stock<0.05, clearance>0.20"
F04_C04,F04,Standard ReAct Agent,F04_C04_Standard_ReAct_Agent,FALSE,FALSE,FALSE,TRUE,TRUE,FALSE,0.057,0.0345,0.0694,FALSE,Invalid CAM generation,Siemens NX 12.0.0.27,"pass only if toolpath generated, no tool/holder collision, overcut<0.02, stock<0.05, clearance>0.20"
F04_C05,F04,Standard ReAct Agent,F04_C05_Standard_ReAct_Agent,TRUE,FALSE,FALSE,FALSE,FALSE,FALSE,0.0153,0.0331,0.4917,TRUE,None,Siemens NX 12.0.0.27,"pass only if toolpath generated, no tool/holder collision, overcut<0.02, stock<0.05, clearance>0.20"
F05_C01,F05,Standard ReAct Agent,F05_C01_Standard_ReAct_Agent,TRUE,TRUE,TRUE,FALSE,FALSE,FALSE,0.0055,0.0258,0.0719,FALSE,Tool-workpiece interference,Siemens NX 12.0.0.27,"pass only if toolpath generated, no tool/holder collision, overcut<0.02, stock<0.05, clearance>0.20"
F05_C02,F05,Standard ReAct Agent,F05_C02_Standard_ReAct_Agent,TRUE,FALSE,FALSE,FALSE,FALSE,FALSE,0.0157,0.006,0.8311,TRUE,None,Siemens NX 12.0.0.27,"pass only if toolpath generated, no tool/holder collision, overcut<0.02, stock<0.05, clearance>0.20"
F05_C03,F05,Standard ReAct Agent,F05_C03_Standard_ReAct_Agent,TRUE,FALSE,FALSE,FALSE,FALSE,FALSE,0.0124,0.0321,0.4753,TRUE,None,Siemens NX 12.0.0.27,"pass only if toolpath generated, no tool/holder collision, overcut<0.02, stock<0.05, clearance>0.20"
F05_C04,F05,Standard ReAct Agent,F05_C04_Standard_ReAct_Agent,TRUE,FALSE,FALSE,FALSE,FALSE,FALSE,0.0078,0.0411,0.4797,TRUE,None,Siemens NX 12.0.0.27,"pass only if toolpath generated, no tool/holder collision, overcut<0.02, stock<0.05, clearance>0.20"
F05_C05,F05,Standard ReAct Agent,F05_C05_Standard_ReAct_Agent,TRUE,FALSE,FALSE,FALSE,FALSE,FALSE,0.0046,0.0021,0.4485,TRUE,None,Siemens NX 12.0.0.27,"pass only if toolpath generated, no tool/holder collision, overcut<0.02, stock<0.05, clearance>0.20"
F06_C01,F06,Standard ReAct Agent,F06_C01_Standard_ReAct_Agent,TRUE,FALSE,FALSE,FALSE,FALSE,FALSE,0.0159,0.0056,0.4794,TRUE,None,Siemens NX 12.0.0.27,"pass only if toolpath generated, no tool/holder collision, overcut<0.02, stock<0.05, clearance>0.20"
F06_C02,F06,Standard ReAct Agent,F06_C02_Standard_ReAct_Agent,FALSE,FALSE,FALSE,FALSE,TRUE,FALSE,0.0084,0.0101,0.0479,FALSE,Invalid CAM generation,Siemens NX 12.0.0.27,"pass only if toolpath generated, no tool/holder collision, overcut<0.02, stock<0.05, clearance>0.20"
F06_C03,F06,Standard ReAct Agent,F06_C03_Standard_ReAct_Agent,TRUE,FALSE,FALSE,FALSE,FALSE,FALSE,0.0088,0.024,0.4489,TRUE,None,Siemens NX 12.0.0.27,"pass only if toolpath generated, no tool/holder collision, overcut<0.02, stock<0.05, clearance>0.20"
F06_C04,F06,Standard ReAct Agent,F06_C04_Standard_ReAct_Agent,TRUE,FALSE,FALSE,FALSE,FALSE,FALSE,0.0001,0.0181,0.4378,TRUE,None,Siemens NX 12.0.0.27,"pass only if toolpath generated, no tool/holder collision, overcut<0.02, stock<0.05, clearance>0.20"
F06_C05,F06,Standard ReAct Agent,F06_C05_Standard_ReAct_Agent,TRUE,FALSE,FALSE,FALSE,FALSE,FALSE,0.0173,0.0407,0.4613,TRUE,None,Siemens NX 12.0.0.27,"pass only if toolpath generated, no tool/holder collision, overcut<0.02, stock<0.05, clearance>0.20"
F07_C01,F07,Standard ReAct Agent,F07_C01_Standard_ReAct_Agent,TRUE,FALSE,FALSE,FALSE,FALSE,FALSE,0.0061,0.0336,0.4677,TRUE,None,Siemens NX 12.0.0.27,"pass only if toolpath generated, no tool/holder collision, overcut<0.02, stock<0.05, clearance>0.20"
F07_C02,F07,Standard ReAct Agent,F07_C02_Standard_ReAct_Agent,TRUE,TRUE,FALSE,FALSE,FALSE,FALSE,0.0075,0.0388,0.068,FALSE,Tool-workpiece interference,Siemens NX 12.0.0.27,"pass only if toolpath generated, no tool/holder collision, overcut<0.02, stock<0.05, clearance>0.20"
F07_C03,F07,Standard ReAct Agent,F07_C03_Standard_ReAct_Agent,TRUE,FALSE,FALSE,FALSE,FALSE,FALSE,0.0177,0.0304,0.4729,TRUE,None,Siemens NX 12.0.0.27,"pass only if toolpath generated, no tool/holder collision, overcut<0.02, stock<0.05, clearance>0.20"
F07_C04,F07,Standard ReAct Agent,F07_C04_Standard_ReAct_Agent,TRUE,FALSE,FALSE,FALSE,FALSE,FALSE,0.0022,0.0028,0.5125,TRUE,None,Siemens NX 12.0.0.27,"pass only if toolpath generated, no tool/holder collision, overcut<0.02, stock<0.05, clearance>0.20"
F07_C05,F07,Standard ReAct Agent,F07_C05_Standard_ReAct_Agent,TRUE,FALSE,FALSE,FALSE,FALSE,FALSE,0.0139,0.0186,0.465,TRUE,None,Siemens NX 12.0.0.27,"pass only if toolpath generated, no tool/holder collision, overcut<0.02, stock<0.05, clearance>0.20"
F08_C01,F08,Standard ReAct Agent,F08_C01_Standard_ReAct_Agent,TRUE,FALSE,FALSE,FALSE,FALSE,FALSE,0.0152,0.0075,0.4679,TRUE,None,Siemens NX 12.0.0.27,"pass only if toolpath generated, no tool/holder collision, overcut<0.02, stock<0.05, clearance>0.20"
F08_C02,F08,Standard ReAct Agent,F08_C02_Standard_ReAct_Agent,TRUE,FALSE,FALSE,FALSE,FALSE,FALSE,0.0045,0.0406,0.4549,TRUE,None,Siemens NX 12.0.0.27,"pass only if toolpath generated, no tool/holder collision, overcut<0.02, stock<0.05, clearance>0.20"
F08_C03,F08,Standard ReAct Agent,F08_C03_Standard_ReAct_Agent,TRUE,FALSE,FALSE,FALSE,FALSE,FALSE,0.0177,0.0025,0.4786,TRUE,None,Siemens NX 12.0.0.27,"pass only if toolpath generated, no tool/holder collision, overcut<0.02, stock<0.05, clearance>0.20"
F08_C04,F08,Standard ReAct Agent,F08_C04_Standard_ReAct_Agent,TRUE,FALSE,FALSE,FALSE,FALSE,FALSE,0.0075,0.0105,0.4901,TRUE,None,Siemens NX 12.0.0.27,"pass only if toolpath generated, no tool/holder collision, overcut<0.02, stock<0.05, clearance>0.20"
F08_C05,F08,Standard ReAct Agent,F08_C05_Standard_ReAct_Agent,TRUE,FALSE,FALSE,FALSE,FALSE,FALSE,0.0074,0.0437,0.4987,TRUE,None,Siemens NX 12.0.0.27,"pass only if toolpath generated, no tool/holder collision, overcut<0.02, stock<0.05, clearance>0.20"
F09_C01,F09,Standard ReAct Agent,F09_C01_Standard_ReAct_Agent,TRUE,FALSE,FALSE,FALSE,FALSE,FALSE,0.0148,0.0149,0.4832,TRUE,None,Siemens NX 12.0.0.27,"pass only if toolpath generated, no tool/holder collision, overcut<0.02, stock<0.05, clearance>0.20"
F09_C02,F09,Standard ReAct Agent,F09_C02_Standard_ReAct_Agent,TRUE,FALSE,FALSE,FALSE,FALSE,FALSE,0.0048,0.0345,0.4535,TRUE,None,Siemens NX 12.0.0.27,"pass only if toolpath generated, no tool/holder collision, overcut<0.02, stock<0.05, clearance>0.20"
F09_C03,F09,Standard ReAct Agent,F09_C03_Standard_ReAct_Agent,TRUE,TRUE,FALSE,FALSE,FALSE,FALSE,0.0071,0.0042,0.0995,FALSE,Tool-workpiece interference,Siemens NX 12.0.0.27,"pass only if toolpath generated, no tool/holder collision, overcut<0.02, stock<0.05, clearance>0.20"
F09_C04,F09,Standard ReAct Agent,F09_C04_Standard_ReAct_Agent,TRUE,FALSE,FALSE,FALSE,FALSE,FALSE,0.0131,0.0361,0.4768,TRUE,None,Siemens NX 12.0.0.27,"pass only if toolpath generated, no tool/holder collision, overcut<0.02, stock<0.05, clearance>0.20"
F09_C05,F09,Standard ReAct Agent,F09_C05_Standard_ReAct_Agent,TRUE,FALSE,FALSE,FALSE,FALSE,FALSE,0.0017,0.0131,0.487,TRUE,None,Siemens NX 12.0.0.27,"pass only if toolpath generated, no tool/holder collision, overcut<0.02, stock<0.05, clearance>0.20"
F10_C01,F10,Standard ReAct Agent,F10_C01_Standard_ReAct_Agent,TRUE,FALSE,FALSE,FALSE,FALSE,FALSE,0.0076,0.0356,0.4515,TRUE,None,Siemens NX 12.0.0.27,"pass only if toolpath generated, no tool/holder collision, overcut<0.02, stock<0.05, clearance>0.20"
F10_C02,F10,Standard ReAct Agent,F10_C02_Standard_ReAct_Agent,TRUE,FALSE,FALSE,FALSE,FALSE,FALSE,0.0144,0.0104,0.4596,TRUE,None,Siemens NX 12.0.0.27,"pass only if toolpath generated, no tool/holder collision, overcut<0.02, stock<0.05, clearance>0.20"
F10_C03,F10,Standard ReAct Agent,F10_C03_Standard_ReAct_Agent,TRUE,FALSE,FALSE,FALSE,FALSE,FALSE,0.0084,0.0082,0.4619,TRUE,None,Siemens NX 12.0.0.27,"pass only if toolpath generated, no tool/holder collision, overcut<0.02, stock<0.05, clearance>0.20"
F10_C04,F10,Standard ReAct Agent,F10_C04_Standard_ReAct_Agent,TRUE,TRUE,FALSE,FALSE,FALSE,FALSE,0.0063,0.0229,0.0277,FALSE,Tool-workpiece interference,Siemens NX 12.0.0.27,"pass only if toolpath generated, no tool/holder collision, overcut<0.02, stock<0.05, clearance>0.20"
F10_C05,F10,Standard ReAct Agent,F10_C05_Standard_ReAct_Agent,TRUE,FALSE,FALSE,FALSE,FALSE,TRUE,0.0087,0.0555,0.0424,FALSE,Remaining stock exceeds 0.05 mm,Siemens NX 12.0.0.27,"pass only if toolpath generated, no tool/holder collision, overcut<0.02, stock<0.05, clearance>0.20"
F11_C01,F11,Standard ReAct Agent,F11_C01_Standard_ReAct_Agent,TRUE,FALSE,FALSE,FALSE,FALSE,FALSE,0.0162,0.0405,0.4881,TRUE,None,Siemens NX 12.0.0.27,"pass only if toolpath generated, no tool/holder collision, overcut<0.02, stock<0.05, clearance>0.20"
F11_C02,F11,Standard ReAct Agent,F11_C02_Standard_ReAct_Agent,TRUE,FALSE,FALSE,FALSE,FALSE,FALSE,0.0055,0.0294,0.4341,TRUE,None,Siemens NX 12.0.0.27,"pass only if toolpath generated, no tool/holder collision, overcut<0.02, stock<0.05, clearance>0.20"
F11_C03,F11,Standard ReAct Agent,F11_C03_Standard_ReAct_Agent,TRUE,FALSE,FALSE,FALSE,FALSE,FALSE,0.0045,0.0291,0.4407,TRUE,None,Siemens NX 12.0.0.27,"pass only if toolpath generated, no tool/holder collision, overcut<0.02, stock<0.05, clearance>0.20"
F11_C04,F11,Standard ReAct Agent,F11_C04_Standard_ReAct_Agent,TRUE,FALSE,FALSE,FALSE,FALSE,FALSE,0.0133,0.0178,0.4375,TRUE,None,Siemens NX 12.0.0.27,"pass only if toolpath generated, no tool/holder collision, overcut<0.02, stock<0.05, clearance>0.20"
F11_C05,F11,Standard ReAct Agent,F11_C05_Standard_ReAct_Agent,TRUE,FALSE,FALSE,FALSE,FALSE,FALSE,0.0165,0.0403,0.4914,TRUE,None,Siemens NX 12.0.0.27,"pass only if toolpath generated, no tool/holder collision, overcut<0.02, stock<0.05, clearance>0.20"
F12_C01,F12,Standard ReAct Agent,F12_C01_Standard_ReAct_Agent,TRUE,FALSE,FALSE,FALSE,FALSE,FALSE,0.0149,0.0004,0.4516,TRUE,None,Siemens NX 12.0.0.27,"pass only if toolpath generated, no tool/holder collision, overcut<0.02, stock<0.05, clearance>0.20"
F12_C02,F12,Standard ReAct Agent,F12_C02_Standard_ReAct_Agent,TRUE,TRUE,TRUE,FALSE,FALSE,FALSE,0.0091,0.0317,0.0497,FALSE,Tool-workpiece interference,Siemens NX 12.0.0.27,"pass only if toolpath generated, no tool/holder collision, overcut<0.02, stock<0.05, clearance>0.20"
F12_C03,F12,Standard ReAct Agent,F12_C03_Standard_ReAct_Agent,TRUE,FALSE,FALSE,FALSE,FALSE,FALSE,0.014,0.034,0.4607,TRUE,None,Siemens NX 12.0.0.27,"pass only if toolpath generated, no tool/holder collision, overcut<0.02, stock<0.05, clearance>0.20"
F12_C04,F12,Standard ReAct Agent,F12_C04_Standard_ReAct_Agent,TRUE,FALSE,FALSE,FALSE,FALSE,FALSE,0.0021,0.0431,0.463,TRUE,None,Siemens NX 12.0.0.27,"pass only if toolpath generated, no tool/holder collision, overcut<0.02, stock<0.05, clearance>0.20"
F12_C05,F12,Standard ReAct Agent,F12_C05_Standard_ReAct_Agent,TRUE,FALSE,FALSE,FALSE,FALSE,FALSE,0.0036,0.0246,0.4651,TRUE,None,Siemens NX 12.0.0.27,"pass only if toolpath generated, no tool/holder collision, overcut<0.02, stock<0.05, clearance>0.20"
F13_C01,F13,Standard ReAct Agent,F13_C01_Standard_ReAct_Agent,TRUE,FALSE,FALSE,FALSE,FALSE,FALSE,0.0044,0.0122,0.465,TRUE,None,Siemens NX 12.0.0.27,"pass only if toolpath generated, no tool/holder collision, overcut<0.02, stock<0.05, clearance>0.20"
F13_C02,F13,Standard ReAct Agent,F13_C02_Standard_ReAct_Agent,TRUE,FALSE,FALSE,FALSE,FALSE,FALSE,0.0024,0.0371,0.478,TRUE,None,Siemens NX 12.0.0.27,"pass only if toolpath generated, no tool/holder collision, overcut<0.02, stock<0.05, clearance>0.20"
F13_C03,F13,Standard ReAct Agent,F13_C03_Standard_ReAct_Agent,TRUE,FALSE,FALSE,FALSE,FALSE,FALSE,0.0166,0.009,0.4438,TRUE,None,Siemens NX 12.0.0.27,"pass only if toolpath generated, no tool/holder collision, overcut<0.02, stock<0.05, clearance>0.20"
F13_C04,F13,Standard ReAct Agent,F13_C04_Standard_ReAct_Agent,TRUE,FALSE,FALSE,FALSE,FALSE,FALSE,0.008,0.0265,0.4637,TRUE,None,Siemens NX 12.0.0.27,"pass only if toolpath generated, no tool/holder collision, overcut<0.02, stock<0.05, clearance>0.20"
F13_C05,F13,Standard ReAct Agent,F13_C05_Standard_ReAct_Agent,TRUE,FALSE,FALSE,FALSE,FALSE,FALSE,0.0048,0.0166,0.4927,TRUE,None,Siemens NX 12.0.0.27,"pass only if toolpath generated, no tool/holder collision, overcut<0.02, stock<0.05, clearance>0.20"
F14_C01,F14,Standard ReAct Agent,F14_C01_Standard_ReAct_Agent,TRUE,FALSE,FALSE,FALSE,FALSE,FALSE,0.0029,0.0336,0.4297,TRUE,None,Siemens NX 12.0.0.27,"pass only if toolpath generated, no tool/holder collision, overcut<0.02, stock<0.05, clearance>0.20"
F14_C02,F14,Standard ReAct Agent,F14_C02_Standard_ReAct_Agent,TRUE,FALSE,FALSE,FALSE,FALSE,FALSE,0.0013,0.0356,0.4897,TRUE,None,Siemens NX 12.0.0.27,"pass only if toolpath generated, no tool/holder collision, overcut<0.02, stock<0.05, clearance>0.20"
F14_C03,F14,Standard ReAct Agent,F14_C03_Standard_ReAct_Agent,TRUE,FALSE,FALSE,FALSE,FALSE,FALSE,0.0076,0.0246,0.4605,TRUE,None,Siemens NX 12.0.0.27,"pass only if toolpath generated, no tool/holder collision, overcut<0.02, stock<0.05, clearance>0.20"
F14_C04,F14,Standard ReAct Agent,F14_C04_Standard_ReAct_Agent,TRUE,FALSE,FALSE,FALSE,FALSE,FALSE,0.0125,0.0433,0.4437,TRUE,None,Siemens NX 12.0.0.27,"pass only if toolpath generated, no tool/holder collision, overcut<0.02, stock<0.05, clearance>0.20"
F14_C05,F14,Standard ReAct Agent,F14_C05_Standard_ReAct_Agent,TRUE,FALSE,FALSE,FALSE,FALSE,FALSE,0.0033,0.0382,0.4865,TRUE,None,Siemens NX 12.0.0.27,"pass only if toolpath generated, no tool/holder collision, overcut<0.02, stock<0.05, clearance>0.20"
F15_C01,F15,Standard ReAct Agent,F15_C01_Standard_ReAct_Agent,TRUE,FALSE,FALSE,FALSE,FALSE,FALSE,0.0173,0.0195,0.4786,TRUE,None,Siemens NX 12.0.0.27,"pass only if toolpath generated, no tool/holder collision, overcut<0.02, stock<0.05, clearance>0.20"
F15_C02,F15,Standard ReAct Agent,F15_C02_Standard_ReAct_Agent,TRUE,FALSE,FALSE,FALSE,FALSE,FALSE,0.0081,0.038,0.4218,TRUE,None,Siemens NX 12.0.0.27,"pass only if toolpath generated, no tool/holder collision, overcut<0.02, stock<0.05, clearance>0.20"
F15_C03,F15,Standard ReAct Agent,F15_C03_Standard_ReAct_Agent,TRUE,FALSE,FALSE,FALSE,FALSE,FALSE,0.0077,0.0238,0.4529,TRUE,None,Siemens NX 12.0.0.27,"pass only if toolpath generated, no tool/holder collision, overcut<0.02, stock<0.05, clearance>0.20"
F15_C04,F15,Standard ReAct Agent,F15_C04_Standard_ReAct_Agent,TRUE,FALSE,FALSE,FALSE,FALSE,FALSE,0.0142,0.028,0.4845,TRUE,None,Siemens NX 12.0.0.27,"pass only if toolpath generated, no tool/holder collision, overcut<0.02, stock<0.05, clearance>0.20"
F15_C05,F15,Standard ReAct Agent,F15_C05_Standard_ReAct_Agent,TRUE,FALSE,FALSE,FALSE,FALSE,FALSE,0.0025,0.0118,0.4598,TRUE,None,Siemens NX 12.0.0.27,"pass only if toolpath generated, no tool/holder collision, overcut<0.02, stock<0.05, clearance>0.20"
F16_C01,F16,Standard ReAct Agent,F16_C01_Standard_ReAct_Agent,FALSE,TRUE,TRUE,FALSE,TRUE,FALSE,0.0157,0.0044,0.0764,FALSE,Invalid CAM generation,Siemens NX 12.0.0.27,"pass only if toolpath generated, no tool/holder collision, overcut<0.02, stock<0.05, clearance>0.20"
F16_C02,F16,Standard ReAct Agent,F16_C02_Standard_ReAct_Agent,FALSE,TRUE,TRUE,TRUE,TRUE,FALSE,0.0512,0.0059,0.026,FALSE,Invalid CAM generation,Siemens NX 12.0.0.27,"pass only if toolpath generated, no tool/holder collision, overcut<0.02, stock<0.05, clearance>0.20"
F16_C03,F16,Standard ReAct Agent,F16_C03_Standard_ReAct_Agent,TRUE,FALSE,FALSE,FALSE,FALSE,TRUE,0.0065,0.1361,0.0527,FALSE,Remaining stock exceeds 0.05 mm,Siemens NX 12.0.0.27,"pass only if toolpath generated, no tool/holder collision, overcut<0.02, stock<0.05, clearance>0.20"
F16_C04,F16,Standard ReAct Agent,F16_C04_Standard_ReAct_Agent,TRUE,FALSE,FALSE,FALSE,FALSE,FALSE,0.0063,0.0339,0.4956,TRUE,None,Siemens NX 12.0.0.27,"pass only if toolpath generated, no tool/holder collision, overcut<0.02, stock<0.05, clearance>0.20"
F16_C05,F16,Standard ReAct Agent,F16_C05_Standard_ReAct_Agent,TRUE,FALSE,FALSE,FALSE,FALSE,FALSE,0.0164,0.0138,0.4576,TRUE,None,Siemens NX 12.0.0.27,"pass only if toolpath generated, no tool/holder collision, overcut<0.02, stock<0.05, clearance>0.20"
F17_C01,F17,Standard ReAct Agent,F17_C01_Standard_ReAct_Agent,TRUE,FALSE,FALSE,FALSE,FALSE,FALSE,0.0031,0.0417,0.4789,TRUE,None,Siemens NX 12.0.0.27,"pass only if toolpath generated, no tool/holder collision, overcut<0.02, stock<0.05, clearance>0.20"
F17_C02,F17,Standard ReAct Agent,F17_C02_Standard_ReAct_Agent,TRUE,FALSE,FALSE,FALSE,FALSE,FALSE,0.0039,0.011,0.4183,TRUE,None,Siemens NX 12.0.0.27,"pass only if toolpath generated, no tool/holder collision, overcut<0.02, stock<0.05, clearance>0.20"
F17_C03,F17,Standard ReAct Agent,F17_C03_Standard_ReAct_Agent,TRUE,FALSE,TRUE,FALSE,FALSE,FALSE,0.0012,0.0184,0.0513,FALSE,Holder collision,Siemens NX 12.0.0.27,"pass only if toolpath generated, no tool/holder collision, overcut<0.02, stock<0.05, clearance>0.20"
F17_C04,F17,Standard ReAct Agent,F17_C04_Standard_ReAct_Agent,TRUE,FALSE,FALSE,FALSE,FALSE,FALSE,0.0155,0.0025,0.4959,TRUE,None,Siemens NX 12.0.0.27,"pass only if toolpath generated, no tool/holder collision, overcut<0.02, stock<0.05, clearance>0.20"
F17_C05,F17,Standard ReAct Agent,F17_C05_Standard_ReAct_Agent,TRUE,FALSE,FALSE,FALSE,FALSE,FALSE,0.0165,0.0312,0.4591,TRUE,None,Siemens NX 12.0.0.27,"pass only if toolpath generated, no tool/holder collision, overcut<0.02, stock<0.05, clearance>0.20"
F18_C01,F18,Standard ReAct Agent,F18_C01_Standard_ReAct_Agent,TRUE,FALSE,FALSE,FALSE,FALSE,FALSE,0.0076,0.0024,0.5343,TRUE,None,Siemens NX 12.0.0.27,"pass only if toolpath generated, no tool/holder collision, overcut<0.02, stock<0.05, clearance>0.20"
F18_C02,F18,Standard ReAct Agent,F18_C02_Standard_ReAct_Agent,TRUE,FALSE,FALSE,FALSE,FALSE,FALSE,0.0107,0.0391,0.4312,TRUE,None,Siemens NX 12.0.0.27,"pass only if toolpath generated, no tool/holder collision, overcut<0.02, stock<0.05, clearance>0.20"
F18_C03,F18,Standard ReAct Agent,F18_C03_Standard_ReAct_Agent,TRUE,FALSE,FALSE,FALSE,FALSE,FALSE,0.013,0.0278,0.4627,TRUE,None,Siemens NX 12.0.0.27,"pass only if toolpath generated, no tool/holder collision, overcut<0.02, stock<0.05, clearance>0.20"
F18_C04,F18,Standard ReAct Agent,F18_C04_Standard_ReAct_Agent,TRUE,FALSE,FALSE,FALSE,FALSE,TRUE,0.0164,0.0807,0.0543,FALSE,Remaining stock exceeds 0.05 mm,Siemens NX 12.0.0.27,"pass only if toolpath generated, no tool/holder collision, overcut<0.02, stock<0.05, clearance>0.20"
F18_C05,F18,Standard ReAct Agent,F18_C05_Standard_ReAct_Agent,TRUE,FALSE,FALSE,FALSE,FALSE,FALSE,0.0083,0.018,0.4712,TRUE,None,Siemens NX 12.0.0.27,"pass only if toolpath generated, no tool/holder collision, overcut<0.02, stock<0.05, clearance>0.20"
F19_C01,F19,Standard ReAct Agent,F19_C01_Standard_ReAct_Agent,TRUE,TRUE,FALSE,FALSE,FALSE,FALSE,0.0128,0.0047,0.073,FALSE,Tool-workpiece interference,Siemens NX 12.0.0.27,"pass only if toolpath generated, no tool/holder collision, overcut<0.02, stock<0.05, clearance>0.20"
F19_C02,F19,Standard ReAct Agent,F19_C02_Standard_ReAct_Agent,TRUE,FALSE,FALSE,FALSE,FALSE,FALSE,0.0074,0.0313,0.4422,TRUE,None,Siemens NX 12.0.0.27,"pass only if toolpath generated, no tool/holder collision, overcut<0.02, stock<0.05, clearance>0.20"
F19_C03,F19,Standard ReAct Agent,F19_C03_Standard_ReAct_Agent,TRUE,FALSE,FALSE,FALSE,FALSE,FALSE,0.0015,0.0177,0.4837,TRUE,None,Siemens NX 12.0.0.27,"pass only if toolpath generated, no tool/holder collision, overcut<0.02, stock<0.05, clearance>0.20"
F19_C04,F19,Standard ReAct Agent,F19_C04_Standard_ReAct_Agent,TRUE,FALSE,FALSE,FALSE,FALSE,FALSE,0.0059,0.0336,0.4624,TRUE,None,Siemens NX 12.0.0.27,"pass only if toolpath generated, no tool/holder collision, overcut<0.02, stock<0.05, clearance>0.20"
F19_C05,F19,Standard ReAct Agent,F19_C05_Standard_ReAct_Agent,TRUE,FALSE,FALSE,FALSE,FALSE,FALSE,0.0043,0.0033,0.4599,TRUE,None,Siemens NX 12.0.0.27,"pass only if toolpath generated, no tool/holder collision, overcut<0.02, stock<0.05, clearance>0.20"
F00_C01,F00,KGMCF (Ours),F00_C01_KGMCF_Ours,TRUE,FALSE,FALSE,FALSE,FALSE,FALSE,0.005,0.0232,0.6505,TRUE,None,Siemens NX 12.0.0.27,"pass only if toolpath generated, no tool/holder collision, overcut<0.02, stock<0.05, clearance>0.20"
F00_C02,F00,KGMCF (Ours),F00_C02_KGMCF_Ours,TRUE,FALSE,FALSE,FALSE,FALSE,FALSE,0.0149,0.0128,0.5891,TRUE,None,Siemens NX 12.0.0.27,"pass only if toolpath generated, no tool/holder collision, overcut<0.02, stock<0.05, clearance>0.20"
F00_C03,F00,KGMCF (Ours),F00_C03_KGMCF_Ours,TRUE,FALSE,FALSE,FALSE,FALSE,FALSE,0.0047,0.0346,0.6055,TRUE,None,Siemens NX 12.0.0.27,"pass only if toolpath generated, no tool/holder collision, overcut<0.02, stock<0.05, clearance>0.20"
F00_C04,F00,KGMCF (Ours),F00_C04_KGMCF_Ours,TRUE,FALSE,FALSE,FALSE,FALSE,FALSE,0.013,0.0059,0.6168,TRUE,None,Siemens NX 12.0.0.27,"pass only if toolpath generated, no tool/holder collision, overcut<0.02, stock<0.05, clearance>0.20"
F00_C05,F00,KGMCF (Ours),F00_C05_KGMCF_Ours,TRUE,FALSE,FALSE,FALSE,FALSE,FALSE,0.0046,0.0372,0.6055,TRUE,None,Siemens NX 12.0.0.27,"pass only if toolpath generated, no tool/holder collision, overcut<0.02, stock<0.05, clearance>0.20"
F01_C01,F01,KGMCF (Ours),F01_C01_KGMCF_Ours,TRUE,FALSE,FALSE,FALSE,FALSE,FALSE,0.0115,0.0352,0.5787,TRUE,None,Siemens NX 12.0.0.27,"pass only if toolpath generated, no tool/holder collision, overcut<0.02, stock<0.05, clearance>0.20"
F01_C02,F01,KGMCF (Ours),F01_C02_KGMCF_Ours,TRUE,FALSE,FALSE,FALSE,FALSE,FALSE,0.0011,0.0005,0.6327,TRUE,None,Siemens NX 12.0.0.27,"pass only if toolpath generated, no tool/holder collision, overcut<0.02, stock<0.05, clearance>0.20"
F01_C03,F01,KGMCF (Ours),F01_C03_KGMCF_Ours,TRUE,FALSE,FALSE,FALSE,FALSE,FALSE,0.008,0.0409,0.5996,TRUE,None,Siemens NX 12.0.0.27,"pass only if toolpath generated, no tool/holder collision, overcut<0.02, stock<0.05, clearance>0.20"
F01_C04,F01,KGMCF (Ours),F01_C04_KGMCF_Ours,TRUE,FALSE,FALSE,FALSE,FALSE,FALSE,0.0068,0.0392,0.5974,TRUE,None,Siemens NX 12.0.0.27,"pass only if toolpath generated, no tool/holder collision, overcut<0.02, stock<0.05, clearance>0.20"
F01_C05,F01,KGMCF (Ours),F01_C05_KGMCF_Ours,TRUE,TRUE,FALSE,TRUE,FALSE,FALSE,0.0554,0.0042,0.084,FALSE,Tool-workpiece interference,Siemens NX 12.0.0.27,"pass only if toolpath generated, no tool/holder collision, overcut<0.02, stock<0.05, clearance>0.20"
F02_C01,F02,KGMCF (Ours),F02_C01_KGMCF_Ours,TRUE,FALSE,FALSE,FALSE,FALSE,FALSE,0.0053,0.0444,0.6225,TRUE,None,Siemens NX 12.0.0.27,"pass only if toolpath generated, no tool/holder collision, overcut<0.02, stock<0.05, clearance>0.20"
F02_C02,F02,KGMCF (Ours),F02_C02_KGMCF_Ours,TRUE,FALSE,FALSE,FALSE,FALSE,FALSE,0.0152,0.0409,0.6239,TRUE,None,Siemens NX 12.0.0.27,"pass only if toolpath generated, no tool/holder collision, overcut<0.02, stock<0.05, clearance>0.20"
F02_C03,F02,KGMCF (Ours),F02_C03_KGMCF_Ours,TRUE,FALSE,FALSE,FALSE,FALSE,FALSE,0.0076,0.0135,0.6197,TRUE,None,Siemens NX 12.0.0.27,"pass only if toolpath generated, no tool/holder collision, overcut<0.02, stock<0.05, clearance>0.20"
F02_C04,F02,KGMCF (Ours),F02_C04_KGMCF_Ours,TRUE,FALSE,FALSE,FALSE,FALSE,FALSE,0.0001,0.0266,0.6059,TRUE,None,Siemens NX 12.0.0.27,"pass only if toolpath generated, no tool/holder collision, overcut<0.02, stock<0.05, clearance>0.20"
F02_C05,F02,KGMCF (Ours),F02_C05_KGMCF_Ours,TRUE,FALSE,FALSE,FALSE,FALSE,FALSE,0.013,0.0326,0.6024,TRUE,None,Siemens NX 12.0.0.27,"pass only if toolpath generated, no tool/holder collision, overcut<0.02, stock<0.05, clearance>0.20"
F03_C01,F03,KGMCF (Ours),F03_C01_KGMCF_Ours,TRUE,FALSE,FALSE,FALSE,FALSE,FALSE,0.01,0.0247,0.6214,TRUE,None,Siemens NX 12.0.0.27,"pass only if toolpath generated, no tool/holder collision, overcut<0.02, stock<0.05, clearance>0.20"
F03_C02,F03,KGMCF (Ours),F03_C02_KGMCF_Ours,TRUE,FALSE,FALSE,FALSE,FALSE,FALSE,0.016,0.0128,0.6202,TRUE,None,Siemens NX 12.0.0.27,"pass only if toolpath generated, no tool/holder collision, overcut<0.02, stock<0.05, clearance>0.20"
F03_C03,F03,KGMCF (Ours),F03_C03_KGMCF_Ours,TRUE,FALSE,FALSE,FALSE,FALSE,FALSE,0.0077,0.0434,0.5677,TRUE,None,Siemens NX 12.0.0.27,"pass only if toolpath generated, no tool/holder collision, overcut<0.02, stock<0.05, clearance>0.20"
F03_C04,F03,KGMCF (Ours),F03_C04_KGMCF_Ours,TRUE,FALSE,FALSE,FALSE,FALSE,FALSE,0.0179,0.0292,0.6543,TRUE,None,Siemens NX 12.0.0.27,"pass only if toolpath generated, no tool/holder collision, overcut<0.02, stock<0.05, clearance>0.20"
F03_C05,F03,KGMCF (Ours),F03_C05_KGMCF_Ours,TRUE,FALSE,FALSE,FALSE,FALSE,TRUE,0.0121,0.139,0.1192,FALSE,Remaining stock exceeds 0.05 mm,Siemens NX 12.0.0.27,"pass only if toolpath generated, no tool/holder collision, overcut<0.02, stock<0.05, clearance>0.20"
F04_C01,F04,KGMCF (Ours),F04_C01_KGMCF_Ours,TRUE,FALSE,FALSE,FALSE,FALSE,FALSE,0.002,0.0001,0.6099,TRUE,None,Siemens NX 12.0.0.27,"pass only if toolpath generated, no tool/holder collision, overcut<0.02, stock<0.05, clearance>0.20"
F04_C02,F04,KGMCF (Ours),F04_C02_KGMCF_Ours,TRUE,FALSE,FALSE,FALSE,FALSE,FALSE,0.0082,0.0027,0.571,TRUE,None,Siemens NX 12.0.0.27,"pass only if toolpath generated, no tool/holder collision, overcut<0.02, stock<0.05, clearance>0.20"
F04_C03,F04,KGMCF (Ours),F04_C03_KGMCF_Ours,TRUE,FALSE,FALSE,FALSE,FALSE,FALSE,0.0031,0.0299,0.6251,TRUE,None,Siemens NX 12.0.0.27,"pass only if toolpath generated, no tool/holder collision, overcut<0.02, stock<0.05, clearance>0.20"
F04_C04,F04,KGMCF (Ours),F04_C04_KGMCF_Ours,TRUE,FALSE,FALSE,FALSE,FALSE,FALSE,0.0037,0.0149,0.6141,TRUE,None,Siemens NX 12.0.0.27,"pass only if toolpath generated, no tool/holder collision, overcut<0.02, stock<0.05, clearance>0.20"
F04_C05,F04,KGMCF (Ours),F04_C05_KGMCF_Ours,TRUE,FALSE,FALSE,FALSE,FALSE,FALSE,0.0103,0.0177,0.6372,TRUE,None,Siemens NX 12.0.0.27,"pass only if toolpath generated, no tool/holder collision, overcut<0.02, stock<0.05, clearance>0.20"
F05_C01,F05,KGMCF (Ours),F05_C01_KGMCF_Ours,TRUE,FALSE,TRUE,FALSE,FALSE,FALSE,0.0154,0.0113,0.0919,FALSE,Holder collision,Siemens NX 12.0.0.27,"pass only if toolpath generated, no tool/holder collision, overcut<0.02, stock<0.05, clearance>0.20"
F05_C02,F05,KGMCF (Ours),F05_C02_KGMCF_Ours,TRUE,FALSE,FALSE,FALSE,FALSE,FALSE,0.0098,0.022,0.5886,TRUE,None,Siemens NX 12.0.0.27,"pass only if toolpath generated, no tool/holder collision, overcut<0.02, stock<0.05, clearance>0.20"
F05_C03,F05,KGMCF (Ours),F05_C03_KGMCF_Ours,TRUE,FALSE,FALSE,FALSE,FALSE,FALSE,0.0167,0.0142,0.6434,TRUE,None,Siemens NX 12.0.0.27,"pass only if toolpath generated, no tool/holder collision, overcut<0.02, stock<0.05, clearance>0.20"
F05_C04,F05,KGMCF (Ours),F05_C04_KGMCF_Ours,TRUE,FALSE,FALSE,FALSE,FALSE,FALSE,0.0132,0.0321,0.5729,TRUE,None,Siemens NX 12.0.0.27,"pass only if toolpath generated, no tool/holder collision, overcut<0.02, stock<0.05, clearance>0.20"
F05_C05,F05,KGMCF (Ours),F05_C05_KGMCF_Ours,TRUE,FALSE,FALSE,FALSE,FALSE,FALSE,0.0115,0.0055,0.6157,TRUE,None,Siemens NX 12.0.0.27,"pass only if toolpath generated, no tool/holder collision, overcut<0.02, stock<0.05, clearance>0.20"
F06_C01,F06,KGMCF (Ours),F06_C01_KGMCF_Ours,TRUE,FALSE,FALSE,FALSE,FALSE,FALSE,0.0125,0.0432,0.619,TRUE,None,Siemens NX 12.0.0.27,"pass only if toolpath generated, no tool/holder collision, overcut<0.02, stock<0.05, clearance>0.20"
F06_C02,F06,KGMCF (Ours),F06_C02_KGMCF_Ours,TRUE,FALSE,FALSE,FALSE,FALSE,FALSE,0.0175,0.041,0.6129,TRUE,None,Siemens NX 12.0.0.27,"pass only if toolpath generated, no tool/holder collision, overcut<0.02, stock<0.05, clearance>0.20"
F06_C03,F06,KGMCF (Ours),F06_C03_KGMCF_Ours,TRUE,FALSE,FALSE,FALSE,FALSE,FALSE,0.0131,0.0016,0.6072,TRUE,None,Siemens NX 12.0.0.27,"pass only if toolpath generated, no tool/holder collision, overcut<0.02, stock<0.05, clearance>0.20"
F06_C04,F06,KGMCF (Ours),F06_C04_KGMCF_Ours,TRUE,FALSE,FALSE,FALSE,FALSE,FALSE,0.007,0.0298,0.6484,TRUE,None,Siemens NX 12.0.0.27,"pass only if toolpath generated, no tool/holder collision, overcut<0.02, stock<0.05, clearance>0.20"
F06_C05,F06,KGMCF (Ours),F06_C05_KGMCF_Ours,TRUE,FALSE,FALSE,FALSE,FALSE,FALSE,0.0137,0.0264,0.6271,TRUE,None,Siemens NX 12.0.0.27,"pass only if toolpath generated, no tool/holder collision, overcut<0.02, stock<0.05, clearance>0.20"
F07_C01,F07,KGMCF (Ours),F07_C01_KGMCF_Ours,TRUE,FALSE,FALSE,FALSE,FALSE,FALSE,0.0005,0.021,0.6145,TRUE,None,Siemens NX 12.0.0.27,"pass only if toolpath generated, no tool/holder collision, overcut<0.02, stock<0.05, clearance>0.20"
F07_C02,F07,KGMCF (Ours),F07_C02_KGMCF_Ours,TRUE,FALSE,FALSE,FALSE,FALSE,FALSE,0.0079,0.0324,0.5122,TRUE,None,Siemens NX 12.0.0.27,"pass only if toolpath generated, no tool/holder collision, overcut<0.02, stock<0.05, clearance>0.20"
F07_C03,F07,KGMCF (Ours),F07_C03_KGMCF_Ours,TRUE,FALSE,FALSE,FALSE,FALSE,FALSE,0.0078,0.0284,0.5987,TRUE,None,Siemens NX 12.0.0.27,"pass only if toolpath generated, no tool/holder collision, overcut<0.02, stock<0.05, clearance>0.20"
F07_C04,F07,KGMCF (Ours),F07_C04_KGMCF_Ours,TRUE,FALSE,FALSE,FALSE,FALSE,FALSE,0.008,0.0257,0.6021,TRUE,None,Siemens NX 12.0.0.27,"pass only if toolpath generated, no tool/holder collision, overcut<0.02, stock<0.05, clearance>0.20"
F07_C05,F07,KGMCF (Ours),F07_C05_KGMCF_Ours,TRUE,FALSE,FALSE,FALSE,FALSE,FALSE,0.0047,0.0058,0.6325,TRUE,None,Siemens NX 12.0.0.27,"pass only if toolpath generated, no tool/holder collision, overcut<0.02, stock<0.05, clearance>0.20"
F08_C01,F08,KGMCF (Ours),F08_C01_KGMCF_Ours,TRUE,FALSE,FALSE,FALSE,FALSE,FALSE,0.0168,0.0393,0.5843,TRUE,None,Siemens NX 12.0.0.27,"pass only if toolpath generated, no tool/holder collision, overcut<0.02, stock<0.05, clearance>0.20"
F08_C02,F08,KGMCF (Ours),F08_C02_KGMCF_Ours,TRUE,FALSE,FALSE,FALSE,FALSE,FALSE,0.0009,0.0014,0.573,TRUE,None,Siemens NX 12.0.0.27,"pass only if toolpath generated, no tool/holder collision, overcut<0.02, stock<0.05, clearance>0.20"
F08_C03,F08,KGMCF (Ours),F08_C03_KGMCF_Ours,TRUE,FALSE,FALSE,FALSE,FALSE,FALSE,0.0169,0.0016,0.6135,TRUE,None,Siemens NX 12.0.0.27,"pass only if toolpath generated, no tool/holder collision, overcut<0.02, stock<0.05, clearance>0.20"
F08_C04,F08,KGMCF (Ours),F08_C04_KGMCF_Ours,TRUE,FALSE,FALSE,FALSE,FALSE,FALSE,0.0044,0.0038,0.6255,TRUE,None,Siemens NX 12.0.0.27,"pass only if toolpath generated, no tool/holder collision, overcut<0.02, stock<0.05, clearance>0.20"
F08_C05,F08,KGMCF (Ours),F08_C05_KGMCF_Ours,TRUE,FALSE,FALSE,FALSE,FALSE,FALSE,0.0068,0.0411,0.6339,TRUE,None,Siemens NX 12.0.0.27,"pass only if toolpath generated, no tool/holder collision, overcut<0.02, stock<0.05, clearance>0.20"
F09_C01,F09,KGMCF (Ours),F09_C01_KGMCF_Ours,TRUE,FALSE,FALSE,FALSE,FALSE,FALSE,0.0083,0.0403,0.6682,TRUE,None,Siemens NX 12.0.0.27,"pass only if toolpath generated, no tool/holder collision, overcut<0.02, stock<0.05, clearance>0.20"
F09_C02,F09,KGMCF (Ours),F09_C02_KGMCF_Ours,TRUE,FALSE,FALSE,FALSE,FALSE,FALSE,0.0033,0.0117,0.6115,TRUE,None,Siemens NX 12.0.0.27,"pass only if toolpath generated, no tool/holder collision, overcut<0.02, stock<0.05, clearance>0.20"
F09_C03,F09,KGMCF (Ours),F09_C03_KGMCF_Ours,TRUE,FALSE,FALSE,FALSE,FALSE,FALSE,0.0002,0.0375,0.648,TRUE,None,Siemens NX 12.0.0.27,"pass only if toolpath generated, no tool/holder collision, overcut<0.02, stock<0.05, clearance>0.20"
F09_C04,F09,KGMCF (Ours),F09_C04_KGMCF_Ours,TRUE,FALSE,FALSE,FALSE,FALSE,FALSE,0.0105,0.0164,0.6133,TRUE,None,Siemens NX 12.0.0.27,"pass only if toolpath generated, no tool/holder collision, overcut<0.02, stock<0.05, clearance>0.20"
F09_C05,F09,KGMCF (Ours),F09_C05_KGMCF_Ours,TRUE,FALSE,FALSE,FALSE,FALSE,FALSE,0.0133,0.0024,0.6333,TRUE,None,Siemens NX 12.0.0.27,"pass only if toolpath generated, no tool/holder collision, overcut<0.02, stock<0.05, clearance>0.20"
F10_C01,F10,KGMCF (Ours),F10_C01_KGMCF_Ours,TRUE,FALSE,FALSE,FALSE,FALSE,FALSE,0.0106,0.0078,0.6369,TRUE,None,Siemens NX 12.0.0.27,"pass only if toolpath generated, no tool/holder collision, overcut<0.02, stock<0.05, clearance>0.20"
F10_C02,F10,KGMCF (Ours),F10_C02_KGMCF_Ours,TRUE,FALSE,FALSE,FALSE,FALSE,FALSE,0.0175,0.0431,0.6398,TRUE,None,Siemens NX 12.0.0.27,"pass only if toolpath generated, no tool/holder collision, overcut<0.02, stock<0.05, clearance>0.20"
F10_C03,F10,KGMCF (Ours),F10_C03_KGMCF_Ours,TRUE,FALSE,FALSE,FALSE,FALSE,FALSE,0.0037,0.017,0.6231,TRUE,None,Siemens NX 12.0.0.27,"pass only if toolpath generated, no tool/holder collision, overcut<0.02, stock<0.05, clearance>0.20"
F10_C04,F10,KGMCF (Ours),F10_C04_KGMCF_Ours,TRUE,FALSE,FALSE,FALSE,FALSE,TRUE,0.0041,0.1341,0.0813,FALSE,Remaining stock exceeds 0.05 mm,Siemens NX 12.0.0.27,"pass only if toolpath generated, no tool/holder collision, overcut<0.02, stock<0.05, clearance>0.20"
F10_C05,F10,KGMCF (Ours),F10_C05_KGMCF_Ours,TRUE,FALSE,FALSE,FALSE,FALSE,FALSE,0.0108,0.0177,0.6215,TRUE,None,Siemens NX 12.0.0.27,"pass only if toolpath generated, no tool/holder collision, overcut<0.02, stock<0.05, clearance>0.20"
F11_C01,F11,KGMCF (Ours),F11_C01_KGMCF_Ours,FALSE,TRUE,TRUE,FALSE,TRUE,FALSE,0.01,0.0269,0.0925,FALSE,Invalid CAM generation,Siemens NX 12.0.0.27,"pass only if toolpath generated, no tool/holder collision, overcut<0.02, stock<0.05, clearance>0.20"
F11_C02,F11,KGMCF (Ours),F11_C02_KGMCF_Ours,TRUE,FALSE,FALSE,FALSE,FALSE,FALSE,0.005,0.0151,0.6132,TRUE,None,Siemens NX 12.0.0.27,"pass only if toolpath generated, no tool/holder collision, overcut<0.02, stock<0.05, clearance>0.20"
F11_C03,F11,KGMCF (Ours),F11_C03_KGMCF_Ours,TRUE,FALSE,FALSE,FALSE,FALSE,FALSE,0.017,0.0317,0.6539,TRUE,None,Siemens NX 12.0.0.27,"pass only if toolpath generated, no tool/holder collision, overcut<0.02, stock<0.05, clearance>0.20"
F11_C04,F11,KGMCF (Ours),F11_C04_KGMCF_Ours,TRUE,FALSE,FALSE,FALSE,FALSE,FALSE,0.0108,0.0086,0.5995,TRUE,None,Siemens NX 12.0.0.27,"pass only if toolpath generated, no tool/holder collision, overcut<0.02, stock<0.05, clearance>0.20"
F11_C05,F11,KGMCF (Ours),F11_C05_KGMCF_Ours,TRUE,FALSE,FALSE,FALSE,FALSE,FALSE,0.0049,0.0403,0.619,TRUE,None,Siemens NX 12.0.0.27,"pass only if toolpath generated, no tool/holder collision, overcut<0.02, stock<0.05, clearance>0.20"
F12_C01,F12,KGMCF (Ours),F12_C01_KGMCF_Ours,TRUE,FALSE,FALSE,FALSE,FALSE,FALSE,0.0133,0.0137,0.21,TRUE,None,Siemens NX 12.0.0.27,"pass only if toolpath generated, no tool/holder collision, overcut<0.02, stock<0.05, clearance>0.20"
F12_C02,F12,KGMCF (Ours),F12_C02_KGMCF_Ours,TRUE,FALSE,FALSE,FALSE,FALSE,FALSE,0.0046,0.0226,0.6173,TRUE,None,Siemens NX 12.0.0.27,"pass only if toolpath generated, no tool/holder collision, overcut<0.02, stock<0.05, clearance>0.20"
F12_C03,F12,KGMCF (Ours),F12_C03_KGMCF_Ours,TRUE,FALSE,FALSE,FALSE,FALSE,FALSE,0.0176,0.0142,0.5892,TRUE,None,Siemens NX 12.0.0.27,"pass only if toolpath generated, no tool/holder collision, overcut<0.02, stock<0.05, clearance>0.20"
F12_C04,F12,KGMCF (Ours),F12_C04_KGMCF_Ours,TRUE,FALSE,FALSE,FALSE,FALSE,FALSE,0.0112,0.007,0.5968,TRUE,None,Siemens NX 12.0.0.27,"pass only if toolpath generated, no tool/holder collision, overcut<0.02, stock<0.05, clearance>0.20"
F12_C05,F12,KGMCF (Ours),F12_C05_KGMCF_Ours,TRUE,FALSE,FALSE,FALSE,FALSE,FALSE,0.0154,0.0126,0.5922,TRUE,None,Siemens NX 12.0.0.27,"pass only if toolpath generated, no tool/holder collision, overcut<0.02, stock<0.05, clearance>0.20"
F13_C01,F13,KGMCF (Ours),F13_C01_KGMCF_Ours,TRUE,FALSE,FALSE,FALSE,FALSE,FALSE,0.0132,0.0029,0.6351,TRUE,None,Siemens NX 12.0.0.27,"pass only if toolpath generated, no tool/holder collision, overcut<0.02, stock<0.05, clearance>0.20"
F13_C02,F13,KGMCF (Ours),F13_C02_KGMCF_Ours,TRUE,FALSE,FALSE,FALSE,FALSE,FALSE,0.0062,0.0211,0.5793,TRUE,None,Siemens NX 12.0.0.27,"pass only if toolpath generated, no tool/holder collision, overcut<0.02, stock<0.05, clearance>0.20"
F13_C03,F13,KGMCF (Ours),F13_C03_KGMCF_Ours,TRUE,FALSE,FALSE,FALSE,FALSE,TRUE,0.0165,0.0981,0.0854,FALSE,Remaining stock exceeds 0.05 mm,Siemens NX 12.0.0.27,"pass only if toolpath generated, no tool/holder collision, overcut<0.02, stock<0.05, clearance>0.20"
F13_C04,F13,KGMCF (Ours),F13_C04_KGMCF_Ours,TRUE,FALSE,FALSE,FALSE,FALSE,FALSE,0.0047,0.01,0.651,TRUE,None,Siemens NX 12.0.0.27,"pass only if toolpath generated, no tool/holder collision, overcut<0.02, stock<0.05, clearance>0.20"
F13_C05,F13,KGMCF (Ours),F13_C05_KGMCF_Ours,TRUE,FALSE,FALSE,FALSE,FALSE,FALSE,0.0102,0.031,0.6212,TRUE,None,Siemens NX 12.0.0.27,"pass only if toolpath generated, no tool/holder collision, overcut<0.02, stock<0.05, clearance>0.20"
F14_C01,F14,KGMCF (Ours),F14_C01_KGMCF_Ours,TRUE,FALSE,FALSE,FALSE,FALSE,FALSE,0.0086,0.0105,0.5918,TRUE,None,Siemens NX 12.0.0.27,"pass only if toolpath generated, no tool/holder collision, overcut<0.02, stock<0.05, clearance>0.20"
F14_C02,F14,KGMCF (Ours),F14_C02_KGMCF_Ours,TRUE,FALSE,FALSE,FALSE,FALSE,FALSE,0.0127,0.0246,0.5783,TRUE,None,Siemens NX 12.0.0.27,"pass only if toolpath generated, no tool/holder collision, overcut<0.02, stock<0.05, clearance>0.20"
F14_C03,F14,KGMCF (Ours),F14_C03_KGMCF_Ours,TRUE,FALSE,FALSE,FALSE,FALSE,FALSE,0.0114,0.0162,0.6065,TRUE,None,Siemens NX 12.0.0.27,"pass only if toolpath generated, no tool/holder collision, overcut<0.02, stock<0.05, clearance>0.20"
F14_C04,F14,KGMCF (Ours),F14_C04_KGMCF_Ours,TRUE,FALSE,FALSE,FALSE,FALSE,FALSE,0.006,0.0227,0.6058,TRUE,None,Siemens NX 12.0.0.27,"pass only if toolpath generated, no tool/holder collision, overcut<0.02, stock<0.05, clearance>0.20"
F14_C05,F14,KGMCF (Ours),F14_C05_KGMCF_Ours,TRUE,FALSE,FALSE,FALSE,FALSE,FALSE,0.0064,0.0398,0.5966,TRUE,None,Siemens NX 12.0.0.27,"pass only if toolpath generated, no tool/holder collision, overcut<0.02, stock<0.05, clearance>0.20"
F15_C01,F15,KGMCF (Ours),F15_C01_KGMCF_Ours,TRUE,FALSE,FALSE,FALSE,FALSE,FALSE,0.0116,0.0427,0.6367,TRUE,None,Siemens NX 12.0.0.27,"pass only if toolpath generated, no tool/holder collision, overcut<0.02, stock<0.05, clearance>0.20"
F15_C02,F15,KGMCF (Ours),F15_C02_KGMCF_Ours,TRUE,FALSE,FALSE,FALSE,FALSE,FALSE,0.0139,0.0188,0.5719,TRUE,None,Siemens NX 12.0.0.27,"pass only if toolpath generated, no tool/holder collision, overcut<0.02, stock<0.05, clearance>0.20"
F15_C03,F15,KGMCF (Ours),F15_C03_KGMCF_Ours,TRUE,FALSE,FALSE,FALSE,FALSE,TRUE,0.0038,0.0739,0.0794,FALSE,Remaining stock exceeds 0.05 mm,Siemens NX 12.0.0.27,"pass only if toolpath generated, no tool/holder collision, overcut<0.02, stock<0.05, clearance>0.20"
F15_C04,F15,KGMCF (Ours),F15_C04_KGMCF_Ours,TRUE,FALSE,FALSE,FALSE,FALSE,FALSE,0.0006,0.0022,0.6052,TRUE,None,Siemens NX 12.0.0.27,"pass only if toolpath generated, no tool/holder collision, overcut<0.02, stock<0.05, clearance>0.20"
F15_C05,F15,KGMCF (Ours),F15_C05_KGMCF_Ours,TRUE,FALSE,FALSE,FALSE,FALSE,FALSE,0.0098,0.0199,0.6229,TRUE,None,Siemens NX 12.0.0.27,"pass only if toolpath generated, no tool/holder collision, overcut<0.02, stock<0.05, clearance>0.20"
F16_C01,F16,KGMCF (Ours),F16_C01_KGMCF_Ours,TRUE,FALSE,FALSE,FALSE,FALSE,FALSE,0.0058,0.0164,0.602,TRUE,None,Siemens NX 12.0.0.27,"pass only if toolpath generated, no tool/holder collision, overcut<0.02, stock<0.05, clearance>0.20"
F16_C02,F16,KGMCF (Ours),F16_C02_KGMCF_Ours,TRUE,FALSE,FALSE,FALSE,FALSE,FALSE,0.0091,0.0333,0.5883,TRUE,None,Siemens NX 12.0.0.27,"pass only if toolpath generated, no tool/holder collision, overcut<0.02, stock<0.05, clearance>0.20"
F16_C03,F16,KGMCF (Ours),F16_C03_KGMCF_Ours,TRUE,FALSE,FALSE,FALSE,FALSE,FALSE,0.0028,0.0342,0.5592,TRUE,None,Siemens NX 12.0.0.27,"pass only if toolpath generated, no tool/holder collision, overcut<0.02, stock<0.05, clearance>0.20"
F16_C04,F16,KGMCF (Ours),F16_C04_KGMCF_Ours,TRUE,FALSE,FALSE,FALSE,FALSE,FALSE,0.0122,0.0326,0.6318,TRUE,None,Siemens NX 12.0.0.27,"pass only if toolpath generated, no tool/holder collision, overcut<0.02, stock<0.05, clearance>0.20"
F16_C05,F16,KGMCF (Ours),F16_C05_KGMCF_Ours,TRUE,FALSE,FALSE,FALSE,FALSE,FALSE,0.0114,0.0303,0.596,TRUE,None,Siemens NX 12.0.0.27,"pass only if toolpath generated, no tool/holder collision, overcut<0.02, stock<0.05, clearance>0.20"
F17_C01,F17,KGMCF (Ours),F17_C01_KGMCF_Ours,TRUE,FALSE,FALSE,FALSE,FALSE,FALSE,0.0054,0.0218,0.6298,TRUE,None,Siemens NX 12.0.0.27,"pass only if toolpath generated, no tool/holder collision, overcut<0.02, stock<0.05, clearance>0.20"
F17_C02,F17,KGMCF (Ours),F17_C02_KGMCF_Ours,TRUE,FALSE,FALSE,FALSE,FALSE,FALSE,0.0173,0.0039,0.5964,TRUE,None,Siemens NX 12.0.0.27,"pass only if toolpath generated, no tool/holder collision, overcut<0.02, stock<0.05, clearance>0.20"
F17_C03,F17,KGMCF (Ours),F17_C03_KGMCF_Ours,TRUE,FALSE,FALSE,FALSE,FALSE,FALSE,0.0172,0.0376,0.6059,TRUE,None,Siemens NX 12.0.0.27,"pass only if toolpath generated, no tool/holder collision, overcut<0.02, stock<0.05, clearance>0.20"
F17_C04,F17,KGMCF (Ours),F17_C04_KGMCF_Ours,TRUE,FALSE,FALSE,FALSE,FALSE,FALSE,0.0147,0.0382,0.6272,TRUE,None,Siemens NX 12.0.0.27,"pass only if toolpath generated, no tool/holder collision, overcut<0.02, stock<0.05, clearance>0.20"
F17_C05,F17,KGMCF (Ours),F17_C05_KGMCF_Ours,TRUE,FALSE,FALSE,FALSE,FALSE,FALSE,0.0048,0.0221,0.5958,TRUE,None,Siemens NX 12.0.0.27,"pass only if toolpath generated, no tool/holder collision, overcut<0.02, stock<0.05, clearance>0.20"
F18_C01,F18,KGMCF (Ours),F18_C01_KGMCF_Ours,TRUE,FALSE,FALSE,FALSE,FALSE,FALSE,0.0078,0.0181,0.6487,TRUE,None,Siemens NX 12.0.0.27,"pass only if toolpath generated, no tool/holder collision, overcut<0.02, stock<0.05, clearance>0.20"
F18_C02,F18,KGMCF (Ours),F18_C02_KGMCF_Ours,TRUE,FALSE,FALSE,FALSE,FALSE,FALSE,0.0103,0.0187,0.6485,TRUE,None,Siemens NX 12.0.0.27,"pass only if toolpath generated, no tool/holder collision, overcut<0.02, stock<0.05, clearance>0.20"
F18_C03,F18,KGMCF (Ours),F18_C03_KGMCF_Ours,TRUE,FALSE,FALSE,FALSE,FALSE,FALSE,0.0002,0.0226,0.5733,TRUE,None,Siemens NX 12.0.0.27,"pass only if toolpath generated, no tool/holder collision, overcut<0.02, stock<0.05, clearance>0.20"
F18_C04,F18,KGMCF (Ours),F18_C04_KGMCF_Ours,TRUE,FALSE,FALSE,FALSE,FALSE,FALSE,0.0069,0.0343,0.6277,TRUE,None,Siemens NX 12.0.0.27,"pass only if toolpath generated, no tool/holder collision, overcut<0.02, stock<0.05, clearance>0.20"
F18_C05,F18,KGMCF (Ours),F18_C05_KGMCF_Ours,TRUE,TRUE,FALSE,FALSE,FALSE,FALSE,0.0096,0.0261,0.1016,FALSE,Tool-workpiece interference,Siemens NX 12.0.0.27,"pass only if toolpath generated, no tool/holder collision, overcut<0.02, stock<0.05, clearance>0.20"
F19_C01,F19,KGMCF (Ours),F19_C01_KGMCF_Ours,FALSE,FALSE,FALSE,TRUE,TRUE,FALSE,0.0499,0.0018,0.0682,FALSE,Invalid CAM generation,Siemens NX 12.0.0.27,"pass only if toolpath generated, no tool/holder collision, overcut<0.02, stock<0.05, clearance>0.20"
F19_C02,F19,KGMCF (Ours),F19_C02_KGMCF_Ours,TRUE,FALSE,FALSE,FALSE,FALSE,FALSE,0.0131,0.0099,0.6238,TRUE,None,Siemens NX 12.0.0.27,"pass only if toolpath generated, no tool/holder collision, overcut<0.02, stock<0.05, clearance>0.20"
F19_C03,F19,KGMCF (Ours),F19_C03_KGMCF_Ours,TRUE,FALSE,FALSE,FALSE,FALSE,FALSE,0.0119,0.0162,0.5691,TRUE,None,Siemens NX 12.0.0.27,"pass only if toolpath generated, no tool/holder collision, overcut<0.02, stock<0.05, clearance>0.20"
F19_C04,F19,KGMCF (Ours),F19_C04_KGMCF_Ours,TRUE,FALSE,FALSE,FALSE,FALSE,FALSE,0.0138,0.0074,0.6028,TRUE,None,Siemens NX 12.0.0.27,"pass only if toolpath generated, no tool/holder collision, overcut<0.02, stock<0.05, clearance>0.20"
F19_C05,F19,KGMCF (Ours),F19_C05_KGMCF_Ours,TRUE,FALSE,FALSE,FALSE,FALSE,FALSE,0.0048,0.0426,0.5847,TRUE,None,Siemens NX 12.0.0.27,"pass only if toolpath generated, no tool/holder collision, overcut<0.02, stock<0.05, clearance>0.20"
